没有你的未来，未来没有意义,犬夜叉
我能够允许你逃避过去，不过至少从现在或者明天开始都不要再逃避。,无头骑士异闻录
成功率不到2%，那剩下的用勇气来补足吧！,勇者王
找不到路，就自己走一条出来。,
男人就应该保持冷静，沸腾的水只会被蒸发掉。,假面骑士kabuto
取少量学生放入试管，加入过量作业，生成学霸溶液和不溶于水的学渣。过滤，在学渣中加入过量浓试卷，学渣迅速溶解且产生气泡，学霸则无明显现象。,网络
想哭的时候就笑吧，全力的大笑吧，笑的同时就真的会变的开心起来，而那将会变成下一次的能量。,《游戏王ARC-V》
"所有人都遗忘的事,我们能不能认为它们没有发生过呢",自己
不！这不可能，我才是这里的主人！你们这些凡人对我来说一无是处！听到了没有？一无是处！,大剑
神即道，道法自然，如来。,遥远的救世主
喵喵喵=w=,
要来我家解除诅咒吗?,C3 -魔方少女-
我一菊花让他们震精,肉丸的日常
我爱你，如同爱食物里的盐。,李尔王
要超越过去与悲伤，用坚强和笑容去开拓明天。,伊苏
就是这样，不管失败了多少次——不管自己处于多么不堪的状态，贤治仍旧坚持着他的理想。 希望能在某一天，成为自己在心里向往着的那样的人。 小美羽，你向往着的，又是怎样的人生呢?,文学少女
嗯，一个人也要加油，我是坚强的孩子。,AIR
“像你这样的白痴是怎么活过来的？”“因为我很自信。,海贼王
当世界背叛你的那天到来时，我会为你背叛全世界。,别的人
在那之间的差距，是莎士比亚与安徒生。,网络
如果你都不知道自己想去哪里，那去哪里都是一样的。,柴郡猫
我们也许再也不会见面了吧，因此我绝对不会忘了你的声音，你的眼眸，与你一起看到过的所有的景色，以及，与你一起度过的那个耀眼的夏天。,草莓％
时间并不存在，存在的只有此刻。,魔女猎人
天空是连着的，如果我们也能各自发光的话，无论距离有多远，都能看到彼此努力的身影。,龙与虎
如果你是我该多好，那你就会知道我有多难过，多喜欢你。,某动画
"梦想是现实的延续,现实是梦想的终结.",EVA
所谓的奇迹就是要发生之后才会有价值存在的吧,EVA
无法飞翔的翅膀也是有意义的，因为它是曾经翱翔于天空所留下的珍贵回忆.,AIR
人的记忆本来就是暧昧的，不值得信任。,叛逆的鲁鲁修R2
爱迪生说过：“要把BOSS打倒就要准备足够的等级。,学生会的一己之见
"梦想是现实的延续,现实是梦想的终结。",EVA
错的不是我， 错的是世界。,School Day
"雪为什么是白色的,因为它忘记了自己曾经的颜色。",叛逆的鲁路修
虚伪的眼泪，会伤害别人，虚伪的笑容，会伤害自己。,叛逆的鲁路修
复杂的世界一个就够了。,
"某种宗教的苦修,越得不到回应,就越受折磨，越受折磨,就越渴盼神恩，也就要更苦的苦修, 以更多折磨,来证明自己的忠贞,祈求神的怜悯。然而那位神,继续无回应。你越不理我,我越感到：爱你,是我唯一的处路。。",蔡康永
能原谅女人说谎的才是男人。,海贼王
Time waits for no one.,穿越时空的少女
『时间并不存在，存在的只有此刻。』,魔女猎人
『懂得认输是非常重要的，不尝到失败的不甘，也就不会明白跌倒后怎么爬起来，更不可能再向前迈进。』,笨蛋测试召唤兽
『我发过誓，再也不装作没察觉，再也不逃避。』,文学少女
『我们不应该根据背负的罪孽来选择道路，而应在选择的道路上背负自己的罪孽。』,空之境界
『不能逃避，不能逃避，不能逃避，不能逃避⋯⋯』,EVA
『不习惯的事越来越多，但我仍在前进⋯⋯就算步伐很小，我也在一步一步的前进。』,夏目友人帐
『成熟不是人的心变老，是泪在打转还能微笑。』,网络
一旦说出口的话是收不回来的，语言是把利刃，使用不当便会成为可怕的凶器，因为一句话的差错可能会失去一生的挚友，一次擦肩而过可能就再也见不到了哦。,名侦探柯南
请我带你去，那梦想实现的地方。,CLANNAD
每当对这个世界感到绝望的时候，买一包泡面，然后告诉自己：我们的泡面是有酱包的。,
少年心意，一如明月松间的青石流水，那些年里看到了，却不懂。,诛仙二
学习怡情，考试伤身。,
祭夏说，日本关注AKB的大多是宅男，中国关注AKB的大多是宅女。吾辈说，其实中国宅男比较关心AKB哪个哪个妹纸又下海了。。。,网络
爱的证明方式不是在一起结婚生子，而是将对方作为一种生活的源动力支撑自己活下去或是在迷茫时能给予自己温暖与信心。,
此心用度八千遍，不嫌厌倦,豆瓣
不能逃避只是强者的想法，错的并不会总是自己，社会上，人世间，身边，总会有人做错，自己可以改变它，只是顺应了这个垃圾一般的冷淡且残酷的世界，承认自己的失败并孙琮的行为。只是用漂亮话装饰起来，连自己都欺瞒,我的青春恋爱物语果然很坑爹
有情皆孽，无情太苦,华札
风之所向即心之所向——写真部部长,写真女友
朋友和工口游戏一样喜欢,俺妹
努力不会背叛自己，但却会背叛梦想,我的青春恋爱物语果然很坑爹
真正可靠的，绝不是时刻紧绷的神经，而是系统一声再直接干脆不过的提示。系统提示：你已经进入战斗。,萌系大陆
为何没在失足之前就把你找到,潜移默化
时光或许珍贵，却依旧不及某人,纯白网络电台
他们（1750年加利福尼亚人）不知道“我的”和“你的”这两词的意思。按圣格列高利的说法，这两个词使我们短暂的一生充满了痛苦和无法解释的罪恶。,全球通史
这胸中的高鸣！多半只是心律不齐吧,我的青春恋爱物语果然很坑爹
不论是谁，只要和他人一样就会觉得没关系。,我的青春恋爱物语果然很坑爹
人生在世何其痛苦，所以咖啡至少该甜一点。,我的青春恋爱物语果然很坑爹
桐山唯：明明一直都是不服输的，什么时候开始变得输了也不在乎啊。,心连*情结
其败给时间，不如败给自己,恋爱随意链接
“再说，羽川也没有向任何人求救明明向我求救就好了，羽川拜托的事情，我什么都愿意做” 忍野：“说不定有求救过。即使没说出口请救我，不代表不想得到求救。就像是即使没开口说喜欢，不代表不喜欢了一样。”,猫物语*黑
与其因怀疑而后悔，不如因信任而后悔,刀剑神域
“悲伤的事和艰辛的事，我不认为它们徒劳无益。如果那就是命运的话，就必然有其意义。我会全部接受它们并变得坚强。所以——所以请为我驻足”,回转企鹅罐
生きるてことは、罰なんだね,回转企鹅罐
成功只是偶然，付出就有回报并不是公理,分数满天飞的日子
我始终不是一只蝙蝠，习惯在夜里成长......,我是蝴蝶，还是蝴蝶是我
时间是用来流浪的，肉体是用来享乐的，生命是用来遗忘的，灵魂是用来歌唱的,流浪者之歌
知道么？樱花飘落的速度是每秒5厘米。那，我要以怎样的速度生活才能与你重逢?,秒速5厘米
伸出双手，亦无法触及之物；离开双手，即不断流逝之物...人们总是追求着这样的东西，而总有一天，迷失了方向......,后天的方向
像水面一样平静的眷恋，渐渐扩展开去,Fantastic Children
还能再见面吗　　　　　　　　一定能见面的,Fantastic Children
没有偶然的必然，只有必然的偶然,魔卡少女樱
迷失在羊群之中的狼，被寂寞的利齿撕裂自己的身体......,羊之歌
我们不是狼，我们只是长着獠牙的羊......,羊之歌
貌似什么都看见了，看见的却什么都不是......,湖边的蓝斯洛
你是我今生的物语 是我不曾听闻的传奇,Stories
永远难忘 栅栏外那片白色的忧伤,无痕的生长
那是，未满45秒的邂逅。,EF-a tale of memories
放着牛奶和咖啡的托盘掉在地上，不但杯子没破还刚好变成了咖啡牛奶--有如这种情形的事件根本不可能发生。,神的记事本
当你登上高处时，在你的眼中别人很渺小，殊不知在别人眼中你也很渺小。,刀刀
往往拯救叻世界都人，却拯救不了自己。失去最重要都东西。,刀刀
时间会随着人的感觉而改变长短，相对论还真是浪漫，而又让人悲伤地东西呢,命运石之门
小時候畫在手腕上不會動的手表 卻帶走我們最美好的時光,无
可是就算我们通一千次短信，我们各自的心，大概也只会相互靠近一厘米吧。,秒速五厘米
想了解喜欢的人，可是，却不能理解。,文学少女
灿烂的青春总是稍纵即逝，要想让那瞬间永驻，必须全力以赴！,在盛夏等待
红茶的温度和女人心在任何时代都是难以琢磨呢。,猫鸣泣之时
也许很多人都会喜欢可以预见的未来，我却趋向于走向未知。,自己
最痛苦的是在刚衍生希望变成绝望的那一刻，而且还反复几次。,自己
人的一生会遭遇各种各样的事，其中有令人难以置信的事，也有不讲道理的事，但都必须予以克服，这就是生活。,地狱少女
你还差得远呢,网球王子
我是一个没有过去和未来的人。,盗墓笔记
如果我们就这样死在山里面 他们会不会说我们是殉情,星空
我们回家吧,星空
我并不羡慕别人的人生，这就是所谓幸福。,Lucky star
你若盛开，清风自来,网络
任何时候都不要放弃，就算时钟停了，也还有两个时刻是准确的.,最文摘
我还在原地等你 你却已经忘记来过这里,某个签子
你才不懂，根本完全不懂。你刚刚说死后的世界只有一片虚无，对吧？不过呢，这根本就不对。我猜你想要说的，是从此就不用再受苦了吧。不过说到死这回事，其实就是消失啊。消失的不是痛苦，而是本身的存在。,无头骑士异闻录
你逃不掉的。无论你如何挣扎，无论你去到哪里，过去都会如影随形。,无头骑士异闻录
遇到了遇到了遇到了！！！,突然想起来我是个中二
愿：你的烦恼痛苦心不在焉，你的快乐幸福全神贯注。,CANICRY
她有心，她的心在我這裏。,Chobits
願：汝之煩惱痛苦心不在焉，汝之快樂幸福全神貫注。,CANICRY
日在校园告诉我们，男人开后宫必死无疑；圣诞之吻告诉我们，男人开后宫可以回档重来……,和谐社
其实人再怎么样就是学不乖，笨到有够讨厌，虽然完全不会进步，可是也会慢慢习惯的。,《仰望半月的夜空》
不可以什么事都聒噪地说出来，真正重要的想法，到死为止都得保存在心底深处哟。,《文学少女》
我要拼上性命，成为你的人。,仰望半月的夜空
你的那双手呢，是为了紧紧抓住什么而存在的哦。,仰望半月的夜空
嗯，真的是这样呢。无法保持一颗永远纯粹心灵的自己，充其量大概也只能拥有那种程度的恋爱罢了。被困在无聊的事情中，有时会错意，即便明白毫无意义，仍旧一再重蹈覆辙。,仰望半月的夜空
回忆是无法斩断的牵绊，联系着不论咫尺或天涯、已逝或犹存的一切。,原创
我讨厌夏天，热死人，白天又长，知了也吵得要死，还捡回了那种东西………………我讨厌夏天，热死人，白天又长，知了也吵得要死。她也……不在了。,快要坏掉的八音盒
我一直都以为真正错的人是你，终于要原谅你时，却发现其实错的是我，那些自以为的宽容慈悲，只不过是一场可笑的自欺欺人而已！,少年丞相世外客徐冽番外
端是：纵然情深，奈何缘浅。,少年丞相世外客番外之徐冽
临宇：“永远有多远？”亦寒：“永远，比公子的生命多一天”,少年丞相世外客
子默：“真的……很开心。哪怕，千年只为这一刹那，我也了无遗憾了……伽蓝……我爱……”,少年丞相世外客
子默：“伽蓝，我再也看不到那一天了，但这却是我为你谋划的最后一个计策。唯一一个全心全意，只为你所定的计策。”,少年丞相世外客
只要你想 你就是在天涯海角 我都会追去 。,癫小二
"基动一个人会爆爽到肢体上,然后想起菊花来。",张胖纸
我想你了，可我，真的不能对你说，怕只怕，说了，对你，也是一种折磨。,癫小二
如果你注定不能给予我期待的回应 那么就保持在安全距离之外吧,癫小二
排排坐 吃果果 我一个 我一个 我一个 还是我一个…嘿嘿嘿嘿,癫小二
是谁入了我的梦 给了我一整夜的温馨,癫小二
所谓的结婚，就是绝不再真正地独自一人，也绝不会再让爱人真正地独自一人，就是一个这样的约定。,花开物语
在水里放屁的有什么资格说别人。,极乐园女子高寮物语
不自恋、难道自卑给别人看！,原创
难道是可爱的人打嗝都停不下来的吗？,极乐园女子高寮物语
唯有你的心跳、支撑着我寻找到你。,天使的心跳
街上照明光华璀璨 乙醚麻醉的冰冷 无法成眠的凌晨两点 一切事物快速地转变,《炉心融解》镜音リン
就算这全世界 都将与你为敌 我也会守护你 所以你只需要在那微笑就好,《悪丿召使》 镜音リン
你是王女 我是召使 命运的分离 悲哀的双子 若是为了守护你 即使背负恶名我也在所不惜,《悪丿召使》 镜音リン
万恶之花 楚楚可怜的开放 带著鲜丽的色彩 周围悲哀的杂草啊 啊啊 就化为养分腐朽而去,《恶之娘》镜音リン
这就是我进化过程中的第一页 因为想要拥抱 便用两只脚行走 因为一个人很寂寞 便和你一起呼吸,《二息歩行》初音ミク
《soundless voice》镜音Len,"16楼 跟我说你很痛苦啊,告诉我你很寂寞啊,我会去迎接你,哪怕是海角天涯。"
杀戮，是一个循环。你在出生点，我在结束点。,小说
让留下的人，笑着活下去,narcissu
连归宿之地都无法选择的自己，是如此的滑稽,narcissu
我想，我的确埋怨过命运对自己的不公，即使一次次告诫自己这就是命运，但是心中依然难以放弃一切,narcissu
我只能对自己说，假如那个时候试着去追求过，或许就有不同的结果，只能将这些作为对自己最后的安慰啊，因为我从一开始就明白一切是不可能实现的,narcissu
世界的的确确就存在于窗外，但却找不到切身体会的现实,narcissu
"消失吧,你这扭曲的存在",尸姬
那可是我亲同学，你还敢伤害她？,默默人
我会永远保护你，即使他们说你是邪恶的,美版生人勿进
王，从来只有我一个,Fate/Zero
命苦不能怨政府，谁叫爹妈不靠谱。,《龙族Ⅱ悼亡者之瞳》
用珍贵的什么，换回了空白。,《龙族Ⅱ悼亡者之瞳》
敌羞吾去脱他衣,真三国无双
我想我还没有成熟到可以原谅背叛。,NANA
知道雪为什麽是白色吗？因为它忘记了自己曾经的颜色。,叛逆的鲁鲁修
我早就忘了该如何开心的笑了。,黑执事
无论发生什么都不要停下。无论到什么时候都要继续前进。 要一直走下去，直到生命终止的那一刻。,驱魔少年
宅若久时天然呆， 呆到深处自然萌，萌到极点讨人爱，攻略无数成为神。,网络
你是我的谁的思维的谁的谁的谁。,.my
我本来不想使出这招呢！,出自｛充页数神｝
"除去假象之外,剩下的事情,无论你多么不愿意相信,那就是事实",名偵探柯南
好想和你一起攀登这.长长的.长长的坡道。,clannad
『如果还有来生 ，我无论如何都要来到你身边，我已经没有了其他想要追求的东西，因为没有比你更重要的了。』,秒速五厘米
尽管生活中找不到雪莱，但是我依然希望生活可以美得像一首诗……,网络
蠢的没智商~,张大瓢虫
不想不愿意也不要忘记那些最初的感动.,原创
"如果没有自己一个人举起石头的决心,即使两个人也是抬不起来的----羽入",寒蝉鸣泣之时
"我的人生也许不正确,但是没有错----北条悟史",寒蝉鸣泣之时
"真正痛苦的事不是不能向人求助,而是没有一个可以求助的人吧----龙宫礼奈",寒蝉鸣泣之时
布兰登，我们要一起爬上去，爬到那座山顶上去；那里很高，接近天空.——哈利,铳墓
未来对我来说没任何意义...——布兰登.希特,铳墓
无论发生什么，都请不要后悔与我的相遇......,clannad
石沉溪洞...洞悉尘世...这世上又有几人能真做到，求个问心无愧已是很不容易了...,仙剑4
人能够在心里郁积那么多的事情，而他们又会忘记那么多的事情，真是不可思议⋯⋯,最终幻想
不相信命运却屈服于现实，拒绝眼泪却抑制不住悲伤......,Cacti
希望不是未来，想改变什么，就要用自己的双手去争取......,Cacti
就算一次也好，我想在这颗星球上尽情奔跑......,Eden
时间带着明显的恶意，缓缓在我的头顶流逝。,秒速5厘米
知道活着的痛苦处的人就能对人温柔，这和软弱是不一样的。,EVA
无知而又纯洁的岁月是任何人都曾拥有的，世界上没有一成不变的事物，所以只要以其他方式找到自己的快乐就行了。,clannad
心中那追寻的，放弃一切也要实现的~当你把他窝在手中时，问问自己，和失去的比，值么?,Cacti
比鬼神更可怕的，是人心。,盗墓笔记
愿人们的爱恨为你加冕,郭敬明
由你来给那个迷途的孩子一片遮蔽的屋檐好了。,fate/stay night
若是‘它’想要出生的话，我就尽我所能为‘它’祝福。,fate/stay night
我本身得不到答案。所以，我希望有能够答出来之物的诞生。,fate/stay night
我要成为新世界的神,DEATH NOTE
妹子这东西，有胸器不是人类又如何？,天降之物
送走了他们悲伤的故事，迎来了我们崭新的开始。,AIR
这个国家将正在成长的女性称为少女对吧? 所以即将成为魔女的少女、就称为魔法少女吧！,魔法少女小圆
绝望了，我对这个〇〇的世界绝望了！,绝望先生
彼此伤害的对方的我们，舔着对方的伤口。,伤物语
谎言分为两种，恶意的谎言，和温柔的谎言。,CLANNAD
彼此伤害了对方的我们，彼此舔着对方的伤口…,伤物语
谎言分为两种，欺骗的谎言，还有温柔的谎言…,CLANNAD
可愛い，お持ち帰り~,寒蝉鸣泣之时
虽然是个不断重复着悲伤和仇恨，无可救药的世界，就算如此，这里也是她曾经要保护的地方，我记得这些，并且绝不会忘记，所以我会继续战斗。,魔法少女小圆
"祈求别人幸福的同时,却不得不去诅咒其他的人,我们魔法少女就是这样的构造吧!",魔法少女小圆
"为了你,如果是为了你,即使我被困在永远的迷宫中,也没关系.",魔法少女小圆
"跟我结下契约,成为魔法少女吧!",魔法少女小圆
一生颠簸只因一己之执,散言散语
即使他被伤害了我，但是他还是我的挚友，只因那无形的羁绊,散言散语
只因一己之见，却深深伤害了他们，虽然都会成为过去，但是始终会留下无形的伤疤,散言散语
"Saber:王者的誓言是不能破坏的,我有自己不得不去完成的使命,我的愿望从一开始就只有一个,从我拔剑之时开始,这份誓言就永远不会改变",FATE ZERO
死对任何人都是残酷的，年轻年老、好人坏人都一样。死是平等的，没哪种死亡是特别残酷的，所以死才可怕。品行、年龄、个性、金钱、美貌，这些东西只在生前才有意义。就因能将一切化为乌有，所以怎样的死都是残酷的。,尸鬼
你让我滚，我滚了，你让我回来，对不起，滚远了，回不来了...,me
杀了你——这个御宅眼镜,只有神知道的世界
死者是谁,Another
真相只有一个,柯南
超频链接,加速世界
小哥你闷骚,....
世间所有的相遇，都是久别重逢。,一代宗师
你不说话，我不说话，一辈子就过去了啊。,原创
美丽的这首情歌 哪没你 唱袂煞。,a
想要化身修罗，就必须有舍弃一切的觉悟。,空之轨迹
只要你不介意的话，我的胸膛随时可以借你一用。,空之轨迹
驱动着这个世界的，并非只有眼睛能够看到的东西。就像只观察结晶回路的轮盘是无法知晓齿轮的运动一样……,洛伦斯（莱维）
与其花时间嘲笑别人，还不如花点功夫观察身边的人和事，锻炼一下自己的观察力。,约修亚
随着一次次的相遇，时而欢喜，时而争吵，但彼此之间的感情也会不断加深。这就是人与人之间的交往吧。,艾丝蒂尔
给岁月以文明，而不是给文明以岁月,《地球往事Ⅱ·黑暗森林》（原句出自帕斯卡）
我的梦想快要消失了……所以，把我的梦想也放到你的身边，等到什么时候你的梦想实现了，也请想起我的梦想吧。,虫之歌
一直刻意强调没有圣诞老人的家伙，其实打心眼里希望他存在。,银魂
每个人都是冲破名为「自我」的牢笼的越狱犯。,银魂
我到底要用怎么样的速度生活才能与你再次相遇。,秒速五厘米
我们一直在一起，所以最后也想在你身旁。,火影忍者
时间能冲淡痛苦，但是，我并不想用时间来治愈一切。,黑执事
无论发生什么都不要停下。无论到什么时候都要继续前进。要一直走下去，直到生命终止的那一刻。,驱魔少年
"这个世界上有无法赎清的罪,但是,却没有不能去爱的人啊。",东京巴比伦
我快要死了，但是，还能成为你的眼睛继续看到未来。,火影忍者
人们之所以怀有一丝希望，是因为他们看不见死亡。,死神
痛苦的事是不用一直去想的，因为是想忘也忘不掉的。,翼·年代记
一个人要坚强的活下去，是很难的吧。想战胜心里德不安，也是很辛苦的吧 。,犬夜叉
恩，因为我本来就是动物。,海贼王
我认为你很幸福，因为你可以选择爱或不爱我。而我只能选择爱或更爱你。,草莓100%
“如果我不在了，你会怎样？” “我会去找你” “如果找不见呢？”“我会一直，一直，一直找下去。”,人鱼森林
知道雪为什么是白色吗？因为它忘记了自己曾经的颜色。,叛逆的鲁鲁修
我想我还没有成熟到可以原谅背叛 。,NANA
走的匆匆的我们 总以为影子一直还在背后跟随着,无
右手那是为了人类，左手那是为了恶魔，给予悲哀的恶魔以灵魂的救赎,驱魔少年
我重临世界之日，诸逆臣皆当死去！,《龙族》
或许是不知梦的缘故，流离之人追逐幻影！,龙族
小时候以为自己能够拯救全世界，长大后才发现全世界都拯救不了我。,来自网络
"此境乃无人知晓之邦,自古无返者。",哈姆雷特
呐、鲁鲁修，你知道雪为什么是白色的吗？因为它忘记了自己曾经的颜色。,叛逆的鲁鲁修
我们都在命运之湖上荡舟划桨 波浪起伏着而我们无法逃脱孤航 但是假使我们迷失了方向 波浪将指引我们穿越另一天的曙光,死神
将爱形容 为美丽的 是不了解爱的人 将爱形容为丑陋的 是自以为了解爱的人,死神 市银丸
过分的神圣，往往比恶魔更加恶质。,黑执事 塞巴斯蒂安
如果我是那雨滴的话… 那么，我能够像把不曾交会的天空与大地连接起来那样… 把某人的心串联起来吗？,死神 井上织姬
被特别在乎的人忽略，会很难过，而更难过的是你还要装作你不在乎。,不明……
人总是珍惜未得到的，而遗忘了所拥有的。,不明……
给时间一点时间，让过去过去，让开始开始。,不明……
很多时候，宁愿被误会，也不想去解释。信与不信，就在你一念之间。懂我的人，何必解释。,依旧不明……
真正的感受，只有亲身体会了才知道,大脑
问一个问题，问的却是自己,原创
曾经发生的事不可能忘记，只是暂时想不起来而已。,千与千寻
安心地睡吧，就算你将遗忘一切，我也会永远记得。我将为你而生、为你而死。,魔法禁书目录
所以请不要再迷茫了，无论今后遇到什么事情，请都不要后悔与我的相遇,CLANNAD
Color seems so dull without you,su
Color seems so dull without you .,su
人最愚蠢的地方莫过于把别人看得太蠢。,日常
坑爹呀！不能分享的网盘还网盘么！不带这样欺负人的！/(ㄒoㄒ)/~~,吐槽
快要对事件记录无爱了，烽烟四起，乱成一堆，掐掐掐，掐你妹啊！,吐槽
ご無事で何よりです。,妖狐X僕ss
你愿意陪我走到地狱的底端吗？,魔法禁书目录
贫乳是社会地位的象征。是具有稀有价值的！,美少女死神还我H之魂
大家的安危，由我的双手来保护,家庭教师
我不想在战斗中失去任何一个伙伴,家庭教师
我并不是想做什么十代目，我只想用我的双手保护大家。,家庭教师
唯独只有你，我是绝对不能够原谅。,家庭教师
要是眼睁睁的看着重要的同伴死去，就算是死，我也不能瞑目。 ­,家庭教师
我不想输给这种残忍冷酷的家伙……无论如何，我也想打败这家伙！！,家庭教师
住手，我不是为了做这种事，而想要力量的，不要，为了保护大家，觉得什么都做得到，但是，这种 是这种力量的话，我不需要，要我继承这种错误的话，我，我来毁掉彭格列。,家庭教师
：...未来的事...不管是好还是坏...全部都是我重要的时光...我从未觉得没到这未来就好了，不管是遇到痛苦的事也好..艰难的事也...快乐的事也好...大家都在我身边……我...身在此处..未来得,家庭教师
我没有看见的，使自己的生命。我当然不会忘记了！就因为这样，我才要在最重要的地方使用自己的生命，难道不是吗！就算死在这里，我也不会退缩半步！ ­ ­,家庭教师
你知道爲什麽雪是白色的嗎？因爲已經忘記了自己曾經的顔色。,叛逆的魯魯修
爲了不讓已流的鮮血白流，只能再留下更多的鮮血。,叛逆的魯魯修
男人的愛情是另存為，女人的愛情是覆蓋。,紅
汝真是个烂好人,狼与香辛料
「胡说什么。咱只要轻轻一摇咱可爱的尾巴，不管是人还是狼都会立刻为咱倾倒·],狼与香辛料
时间可以治愈?如果时间也病了怎么办?,古手梨花
不想被别人杀死的办法就是先被自己杀死,死亡笔记
命运的红线一旦断了，就不会再接上,犬夜叉
因为躲起来是永远不可能赢的啊！！绝对！！,步美
世界上没有一个人能代替另一个人,人形电脑天使心
他们是过去，而我们则是将来,Air
"与众不同的生活方式很累人呢,因为找不到借口",泉此方
想哭的时候能哭出来，也是一种坚强,翼年代记
就算对面得99分 只要我们得100分 我们就赢,光速蒙面侠21
我觉得你很幸福，因为你可以选择爱或者不爱我，而我只能选择爱或者更爱你,草莓100%
人的一生会遭遇各种各样的事，其中有令人难以置信的事，也有不讲道理的事，但都必须予以克服，这就是生活,地狱少女
是男人的话，比起逃跑，还是选择死亡吧,家庭教师
现实中敌不过的敌人，就在想象中打倒吧，自己赢不了的话，就幻想出赢得了的东西吧,archer
要是太勉强自己的话，总有一天会受伤的,玖兰枢
有伤害人的人存在的话，也会有能抚慰伤痕的人,水果篮子
狼在狩猎时常常站在高处，那是因为角度不同往往能看的清楚,狼与香辛料
真正要掌握的，并不是有关某个陷阱的知识，而是寻找那个陷阱的方法,狼与香辛料
倘若只是为了驱赶心中的寂寞，找谁都可以的,秒速5厘米
是个男人就要对自己的人生负责,麻辣教师
人生苦短 及时行乐,麻辣教师
休息对于生存而言，也是紧要问题,虫师
推理是不分输赢，不分高低的，因为，真相只有一个,新一
"this is where it start , and this is where it end , by my hand",DMC4
謝謝你喜歡我，對不起愛，我傷不起了,原創
想死的家伙上前来！！！,魔装少女就是本少爷
"This is where it start , and this is where it end",DMC4
当佛已无能为力，魔渡众生。,变身宿舍
天堂在左 战士向右,魔兽世界
旅行的意义在于找到自己，而非浏览他人。,网络
你知道雪为什么是白色的吗？因为她忘记了本来的颜色。,反叛的鲁路修
这生命如一阵风，凛冽而过，席卷天地。,且听风吟
"这生命如一阵风,凛冽而过,席卷天地。",且听风吟
我自倾怀 君且随意,无处寻
让你难过的事情，有一天你一定会笑着说出来。,肖申克的救赎
這個世上，沒有極端。,自己（手動揉個臉）
我的黑衣又该如何将你的星空包裹。,东方同人志
我们左手撑着摇摇欲坠的天空和梦想，右手支着将欲腐烂的大地现实。,网络
不是强者必胜，而是胜者必强，他们比我们强，谨此而已。——岩村努,黑子的篮球
人生的选择是对是错，没有人知道。——黑子哲也,黑子的篮球
能打败我的只有我自己。——青峰大辉,黑子的篮球
忤逆我的人，就算是父母也不能原谅。——赤司征十郎,黑子的篮球
我和你不一样，我是影子。——黑子哲也,黑子的篮球
团队不是单个人单个人的守护，而是每个人互相守护，这才叫团队。——木吉铁平,黑子的篮球
战胜一切的我，一切都是正确的。——赤司征十郎,黑子的篮球
是你赢了...哲... ——青峰大辉,黑子的篮球
欢迎来到帝光中学一军。——赤司征十郎,黑子的篮球
最好不要惹怒我!赝品和真货 光是被拿来比已经让我很火大了...——赤司征十郎,黑子的篮球
"爱,其实很简单，困难的是去接受它。",通灵王
我的腿让我停下，可是心却不允许我那么做。,钢之炼金术师
别人恋爱不成功，你连暗恋都不成功！,灌篮高手
悠太喜欢吃乌冬，我喜欢喜欢吃乌冬的悠太。——浅羽佑希,少年同盟
烟火的光辉还真是短暂呢...就像你的人生一样。——冢原要,少年同盟
什么都无法舍弃的人，什么都无法改变 。 ——阿尔敏,进击的巨人
做不到的话，不过就是一死 。但是，赢了就能活下去，要是不战斗就赢不了。——三笠阿克曼,进击的巨人
我不像你，一把年纪了还在厕所里玩爆破！——银时,银魂
我自己已经是一无所有了，但至少看到有掉下的东西，我还是会想去捡起来的。——银时,银魂
与其美丽的牺牲，倒不如美丽的活到最后一刻。——银时,银魂
我决定以人类的一个方法来感激你，我打算以身相许。,仙剑
要是我的名字叫金时的话。全部JUMP就得回收了！！——银时,银魂
如果我有＂卍解＂什么的就好了——银时,银魂
无论时代怎样的动荡，我们的真意也毫不动摇。除恶――既是恶即斩，这就是我们新撰组。,《浪客剑心》斋藤一
燃烧吧！小宇宙！——星矢,圣斗士星矢
我活着就是杀我之外的人而存在，只要还有我之外的人，我便不会消失。——我爱罗,火影忍者
吾亲芳泽亦非为私也。——橘 友雅,遥远的时空中
垃圾，垃圾中的垃圾，King of 垃圾。——黑柳亮,日式面包王
真相永远只有一个！——柯南,名侦探柯南
我要代表月亮消灭你！,美少女战士
"只要是我想要的,就算改变命运之轮也一定要得到。——帝释天",圣传
有开枪资格的，只有那些有觉悟被射杀的人。——鲁鲁修-VI-布里塔尼亚,叛逆的鲁鲁修
鲁鲁修，你知道雪花为什么是白色的吗？因为已经忘记自己本来是什么颜色啊。——C.C,叛逆的鲁鲁修
你……已经死了。——贱 次狼,北斗神拳
如果你执意追逐我的幻影，迟早会被真正的我给打败的！——进藤 光,棋魂
你就是我一生的对手！——塔矢 亮,棋魂
世界上根本没有任何东西，值得我们以玷污一局棋的代价去换取！ ——SAI,棋魂
人在真正感激别人的时候，头就会自动低下来…… ——阳子,十二国记
有话直说就是我的忍道！ ——漩涡鸣人,火影忍者
想你这样的人，想死在我的卍解下，还早了一千年。——朽木白哉,死神
干的漂亮，你的獠牙已经够到我了。——朽木白哉 VS 恋次,死神
在没有所爱的人的世界上一个人独活是件非常痛苦的事。——帝释天,圣传
没有牺牲就没有获得，想要得到什么，就必须付出同等代价。——爱德华,钢之炼金术师
"我叫路飞，蒙奇.D.路飞,是要成为海贼王的男人！——路飞",海贼王
你的败因只有一个，就是与我为敌！——六道骸,家庭教师
我的这把剑，它能触及到的地方就是我的国家。——坂田银时,银魂
过分的神圣，往往比恶魔更加恶质。 ——塞巴斯蒂安·米卡艾利斯,黑执事
一枝枯萎的鲜花，不会再盛开。人、鸟、虫……光辉的星星都只有一次生命…… ——奥路菲,圣斗士星矢
女人的武器不是眼泪，而是微笑。——鹤屋,凉宫春日的忧郁
我从轮回的尽头回来了。——六道骸,家庭教师
轻快的飞！飞向梦，飞向未来，还有飞向你！,草莓100%
稍等一下，再来一遍,中二病也要谈恋爱
被黑炎重重包围着消失吧！！！！,中二病也要谈恋爱
我们奋力向前划，逆流而上的小舟不停地倒退，进入过去...,了不起的盖茨比
每天笑一笑对一个皇帝来说很重要，因为这有助于消化。,《异人傲世录》科恩凯达
绝望了！我对这个连自杀都不让的社会绝望了！,再见！绝望先生
只送大脑！,《三体III》
"可以让莫妮尔去,我母亲的猫,不过它也得减肥一半才行",《三体III》
前进！不择手段地前进！,《三体III》
"粮食?这不都是粮食?每个人看看你们的周围,都是粮食,活生生的粮食。",《三体III》
一切的一切都导向这样一个结果：物理学从来就没有存在过，将来也不会存在。,《三体I》
已阅。狗屁不通！大字报在地上贴就行了，不要发到天上去！,《三体I》
不要回答！不要回答！不要回答！！！,《三体I》
你们是虫子！,《三体I》
“太阳快落下去了，你们的孩子居然不害怕？”“当然不害怕，她知道明天太阳还会升起来的。”,《三体II》
第一，生存是文明的第一需要；第二，文明不断增长和扩张，但宇宙中的物质总量保持不变,《三体II》
"我需要一块二向箔,清理用。",《三体III》
整个物理学就像是一个大谜，走到它的尽头，连整个世界是否存在都成了问题。,《球状闪电》
有时你飞到了头，却发现还不如中间掉下来,《球状闪电》
在中国，任何超脱飞扬的思想都会砰然坠地——现实的引力实在是太沉重了,《三体I》
"我们都是阴沟里的虫子,但总还是得有人仰望星空",《三体I》
"没人来这里参观,这里不是让人参观的。这一切,只是一块墓碑,人类的墓碑。",《三体III》
"基于现代科学在各个学科最先进的理论和技术,根据大量的理论研究和实验的结果,通过对大量方案的综合分析和比较,得出了把信息保存一亿年左右的方法,这是目前已知的唯一可行的方法,它就是——把字刻在石头上!",《三体III》
"最后发现,真正的力量在时间手里,留下脚印比创造世界更难,在这文明的尽头,人类也只能做远古的婴儿时代做过的事。",《三体III》
这是计划的一部分。,《三体II》
请你们帮助我们消灭人类，最后我们再消灭你们。,《三体II》
破壁人： 主不在乎。,《三体II》
给岁月以文明，而不是给文明以岁月。,《三体II》
斩尽杀绝，这是对一个文明最高的重视。,《三体II》
面壁者，我是你的破壁人,《三体II》
他们不知道我们是怎样想他们怎样想我们怎样想他们怎样想我们怎样...,《三体II》
没有永恒的敌人或同志，只有永恒的责任。,《三体II》
黑暗森林中有一个叫人类的傻孩子，生了一堆火并在旁边高喊：我在这儿！我在这儿！,《三体II》
不要返航！这里不是家！,《三体III》
"如果千秋功罪真有人评说,现在己经可以派一个人去解释岁月造成的误会",《三体III》
"失去人性,失去很多;失去兽性,失去一切。",《三体III》
"藏好自己,做好清理。",《三体III》
"要记住伟大的探知可逆定律:如果你能看到一个低墒世界,那个低嫡世界迟早也能看到你,只是时间问题。所以,什么事情都等别人做是危险的。",《三体III》
"你再快都有比你快的,你再慢也有比你慢的。",《三体III》
"弱小和无知不是生存的障碍,傲慢才是。",《三体III》
"你认为是自己的错误毁灭了太阳系那是很可笑的,这样想实在是太自命不凡了,就像你在地面上做一个倒立,就认为自己举起了地球一样。",《三体III》
生存在宇宙中，本身就是一件很幸运的事情，但是不知道什么时候起，你们有了这样一种幻想，认为生存是唾手可得的，这就是你们失败的根本原因,《三体III》
把海弄干的鱼在海干前上了陆地，从一片黑暗森林奔向另一片黑暗森林。,《三体III》
上岸的鱼不再是鱼，真正进入太空的人也不再是人。,《三体III》
"放心,我在,你们就在。",《三体III》
或许是不知梦的缘故，流离之人追逐幻影,龙族
因为不爱，所以都错。,龙族
再努力一次吧，不要躲在这里，真诚地面对自己再试一次,某科学的超电磁炮
如果存在有皆大欢喜，人人期待的幸福世界的话，那里就没有我的容身之所,某科学的超电磁炮
既然你诚心诚意地发问了 那我就大发慈悲地告诉你 为了防止世界被破坏， 为了守护世界的和平， 贯彻爱与真实的邪恶， 可爱又迷人的反派角色， 武藏，小次郎， 我们是穿梭在银河之间的火箭队， 白洞，白色的明,数码宝内
如果我是那雨滴的话，那么，我能够像把不曾交汇的天空与大地连接起来那样，把某人的心串联起来吗？,死神
一定没有问题的！,魔卡少女樱
有被杀的觉悟，才有资格开枪。,反叛的鲁路修
真讨厌，不快点碾碎的话。,回转企鹅罐
应该可以了吧，我已经很努力了，应该可以抵达终点了⋯⋯,AIR
煩い！煩い！煩い！,灼眼的夏娜
用番茄Lu过。。。比香蕉好 ←那是你没领悟到香蕉的正确用法,樱花庒的宠物女孩 10 B站弹幕
我想应该静下来想一些话。我想应该静下来走一段路。我想应该静下来看一本书。我只想静下来反省自己。,大乔小乔
"这个世界上没有偶然, 有的只是必然",壹原侑子
版权没有，随意盗版,www.bcdedit.com
生活不可能像你想象得那么好，但也不会像你想象得那么糟。,莫泊桑
生命真是充满讽刺。它用悲伤让你了解什么叫幸福，用噪音教会你欣赏寂静，用缺失来评价存在。,网络
真正的爱不是尽力，是尽心。,网络
风雨一生兼程，灵魂轻盈随行。,网络
等与不等，我都等了。在与不在乎，我都已在乎了。,网络
既然认准这条路，何必去打听要走多久。,网络
要么承担，要么突破，剩余的时间就是对你的所经历的一切保持沉默。终有一天，这沉默里会获得道路和答案。,安妮宝贝
最好的感觉，是有人懂你的欲言又止。,网络
有些人，一旦遇见，便一眼万年；有些心动，一旦开始，便覆水难收。,网络
没有什么过不去，只是再也回不去。,网络
在你最冷的时候，有人不顾自己寒冷抱着你，这就是幸福。,网络
哭着活着，还不如笑着死去,自己
梦想是什么，梦想是现实的延续；现实是什么，现实是梦想的终结。,AB
越是困难，越要抬起头，地上可找不到任何希望！,Zetman
救救我啊奥特曼，哪怕你只能撑三分钟⋯⋯,肯普法
不要祈求生活公平，只需要适应它。,网络
所谓的人类，可是连短短的十分钟也等不起的。,AB
如果聚集负的感情，世界就会陷入负的洪流；反之聚集正的感情，世界就会循着正道而行。,钢炼
这是眼泪吗？原来眼泪是这么的温暖，我一直以为，哀伤的东西都是冰冷的。,风色幻想
人与人在偶然之中创造相遇与别离。,银河和声
我觉得你很幸福，因为你可以选择爱我或不爱我，而我只能选择爱你或更爱你。,School Days
如果你死了，那什么也改变不了，可如果你还活着，那就能改变一些事情。,最游记
没有谁能够永远坚强下去的，每个人都会有疲累的无法站起的时候。世间的故事，就是为了这一刻而存在的哦。,文学少女
懂得认输是非常重要的，不尝到失败的不甘，也就不会明白跌倒后怎么爬起来，更不可能再向前迈进。,笨蛋测验召唤兽
一直保持微笑是有诀窍的，那就是，在想哭的时候放声大哭。,一直保持微笑是有诀窍的，那就是，在想哭的时候放声大哭。
你还欠我一句对不起，可我不会再说没关系了。,网路
花开花落，再灿烂的星光也会消失。,圣斗士
我的终点，与幸福同在。,AIR
用你的笑容去改变这个世界，别让这个世界改变了你的笑容。,网络
无论是丢下还是被丢下，都是一样痛苦的。,网络
自身不先改变的话，一切都不会改变。,银魂
因为无法再见面，所以要笑着说再见。,air
想要成为无论多么悲伤的时候，也能够漂亮微笑的人吧,文学少女
在走廊上跌倒会流鼻血，在人生中跌倒会流眼泪。,龙与虎
以盐水作配菜，糖水做主食，就有种奢侈的感觉呢。,笨蛋测验召唤兽
风筝的线你随时可以放开，只是别盼望我会回来,网路
我们开始一起攀登，这长长的，长长的坡道。,CLANNAD
女人的武器不是眼泪，而是微笑。,凉宫春日的忧郁
想要试着去相互接近，但最后还是无法敞开心扉，结果就是擦肩而过⋯⋯,文学少女
我们虽然距离很远很远，非常非常的远，但是思念或许真的可以穿越时间和距离。,星之声
梦想是否无聊并不是别人来决定的，不管是什么样的梦想，自己拼命努力去追寻才是最重要的。,守护甜心
不习惯的事越来越多，但我仍在前进⋯⋯就算步伐很小，我也在一步一步的前进。,夏目友人帐
要改变别人的心真是件很难办的事，不过改变自己要容易一点。,XXXHolic
只要你还记得我，我就会一直在你的身边。,符文工坊
无论在哪里遇到你，我都会喜欢上你。,AngleBeats!
你有学校也有朋友，但对我来说，我的生活中就只有你。,我与狗狗的十个约定
什么都无所谓只想在你身边，什么都无所谓只想和你说话，什么都无所谓所以请你不要逃避。,只想告诉你
如果没什么好事发生的话，就把没有发生坏事的每一天当作好事吧。,网络
或许只需一滴露水，便能守护这绽放的花朵。,反骨仔
既然如此，就再努力一次吧。别在这里愁眉不展，也不要再自欺欺人，重新来过！,某科学超电磁炮
我想让自己强大起来，因为至少我已经有幸和想要保护的人相遇了。,夏目友人帐
当朋友是不需要什么资格的。,全职猎人
真可悲，你什么都不知道，在这个世界上没有什么是不重要的！,最终幻想
我不会接受我不要的未来，哪怕是命中注定。,网络
呐，我们好像是，被宇宙和地球拆散的恋人似的。,星之声
挡着在我们面前的是巨大庞然的人生，阻隔在我们中间的是广阔无际的时间，对于他们，我们无能为力⋯,秒数五厘米
不要因为结束而哭泣，微笑吧，为你的曾经拥有。,0.0
这一路上有你的陪伴，我不再孤单。,幻想水浒传
能够原谅女人的，才是男人。,海贼王
每天晚上躺下时想起的第一个人，才是心里最爱的人吧。,随想
相比在别的地方，也许我真的可以找到更多东西，那些真的能让我认识自己的东西,随想
虽然我后悔着过去，可是后悔又有什么用呢,随想
我开始觉得，计划着到处去玩玩，开始我想要的生活了。,随想
不要哀求，学会争取，若非如此，一无所获,交响诗篇
"既然忘不掉,就让它留在心中,让时间去冲淡它",自己
"如果一个人不被任何人所需要,哪还算是人吗?",网络
如何得与凉风约，不共尘沙一并来！,(宋)陈与义《中牟道中》
年少的时光就是晃，用大把的时间彷徨，只用几个瞬间成长。,不知道出处了
不过一句当时年少。,浅颜
无论发生什么，都请不要后悔与我的相遇⋯⋯,CLANNAD
请尊重自己的任何付出,Mins_Kivi也不知道
总有人在经历着比你更多的无奈与痛苦，所以，你自扰个毛,我自己说的
可以有很多方式面对，心情什么的，主要看自己,我自己说的
不是主动回避，而是无法面对,我自己
咩！,我自己
带着美好的回忆笑着各自奔向属于自己的未来不也很好吗,我自己
我听见城市疲倦的叹息，又或许这叹息只来自我自己,我自己
I'm a space-bound rocketship and your heart's the moon,EMINEM
我！想！粗！去！玩！,我自己
道中ご无事で,我自己
计划总是赶不上变化的,我自己
我的时间停在哪？,我自己
"Again and again,and to the end",我自己
多么幸运，你让我们在一起,我自己
加油！和你们在一起！,我自己
是谁来自山川湖海，却囿于昼夜厨房与爱,揪心的玩笑与漫长的白日梦
在不同的路上为着同一个目标，也为你加油,Mins_Kivi
May angels lead you in,Jimmy eat world
明明只是活着，哀伤却无处不在⋯⋯,秒速五厘米
『ドラゴンクライシス！』,樱花庄的宠物女孩
乐由中出，礼自外作。乐由中出故静，礼自外作故文。,《礼记·乐论》
故常无欲以观其妙，常无欲以观其徼。,《老子》
You Are (Not) Alone;You Can (Not) Advance;You Can (Not) Redo,EVA
我的人生不需要绊脚石,邻桌的怪同学
阁下若坚守此处无非面对萨拉丁，倘若引军遁逸则需直面举世哓哓,耶路撒冷远征记
慕君之心，至死方休。,《孟子》
就算只有六十亿分之一的机会，我们还是会邂逅。,Angel Beats!
年华无多时，恋爱吧男子！,源君物语
烈焰中舞动的火花，将赐予邪恶异性交往以天罚。,潜行吧！奈亚子W
这是傻瓜的血脉使然啊。,有顶天家族
相信十年后的八月，我们还会相遇。,未闻花名
像平常的你一样引发奇迹吧-,魔法少女小圆
桑丘，让他们管我叫疯子吧，我还疯得不够，所以得不到他们的赞许。,堂吉诃德
我如朝露降人间，和风樱花随春谢。四十九年一朝梦，一期荣华一杯酒。,上杉谦信
我们所过的每个平凡的日常，也许就是连续发生的奇迹。,日常
真正的危机不是机器人像人一样思考，而是人像机器一样思考。,凉宫春日的忧郁
人一生会遇到约2920万人，两个人相爱的概率是0.000049。所以你不爱我，我不怪你。,秒速五厘米
只是，想要做些什么而已。 觉得不做些什么就会死掉而已。,戏言
想要成为无论多么悲伤的时候，也能够漂亮微笑的人吧。,文学少女
虽有遗憾，并无后悔。,古剑奇谭
已经无法回到过去了。也不知道将来会是什么模样。,文学少女
温柔正确的人总是难以生存，因为这世界既不温柔，也不正确。,果然我的青春恋爱喜剧搞错了
没有期待就没有失望，没有羁绊就不会受伤。,果然我的青春恋爱喜剧搞错了
孤零零三原则——不抱有希望、不创造心灵的空隙、不接受甜言蜜语。,果然我的青春恋爱喜剧搞错了
人は一生、中二病なんだ。,中二病也要谈恋爱
只是相谈就会开心起来，沉浸在温柔的眼神当中，竭尽全力的思念，悄悄地奉献。,School Days
"人生充斥着谎言,我又岂能独善其身!",LEgal_7
不要挑战我做人的底线，我会让你知道痛苦的上线,好吧 出自网络 改了一下
我与你的距离 无非就是天涯与海角而已  看似相连 但尽头时 却是平行线,我自己改编
面对就好，去经历就好。,花伞菌
别傻了世界上最爱你的那个女人已经嫁给你爸了,花伞菌
能和自己爱的人在帝国大厦相遇，是件很酷的事情。,花伞菌
活着不是为了怀念昨天，而是要等待希望,花伞菌
一件事情的结束，也意味着另一件事情的开始,花伞菌
往后的日子里无论我身在何处我都会记住你,花伞菌
"『就是因为太在乎,所以才选择逃避』",其他
世界并没有你想象的那么不堪,无头骑士异闻录
既不回头，何必不忘；既然无缘，何须誓言；今日种种，似水无痕；明夕何夕，君已陌路。,仙剑奇侠传
重要的不是你做了多少事，而是你放了多少心思进去。,凉宫春日的忧郁
别拿我当枪使。,还珠格格
就算死在台上，也绝不认输。,绝世唐门
我每天出门都坠入爱河之中,Weekender Girl
誰かが私を呼ぶの   どこかで私を呼ぶ    遠くから近づいてる,予感
我的船上没有手下，只有伙伴。,海贼王
前天是兔子，昨天是小鹿，今天是你,Clannad
命运的红线一旦断了，就再也不会接上,犬夜叉
雪之所以是白色，是因为它忘记了本来的颜色,反叛的鲁路修
我们脚下的土地，看上去好像十分牢固，实际上一旦出了什么事，就会一头沉下去。而且一旦沉下去就彻底完蛋了，再也不可能恢复原状。然后只好一个人在下边那个昏暗的世界里活着。,天黑以后
我们终将变成我们所厌恶的人的样子。我们的痛骂越狠毒， 讽刺越尖酸，我们离那种人的距离也愈发接近。,
不自夸，不自弃。不三分热度，不冷若冰霜。,
携善前行，勿失本心。,
如果身上有我们自己竭力隐藏的那种瑕疵，我们总是不遗余力地加以揭发。,
观察的实质是：“不赞美，不责难，甚至也不惋惜，但求了解认识而已。”,柴静
让我们启程出发，天空就此高远广大。,
Let&#39;s go.So sky high.,境界线上的地平线
所以，请用你的谎言，一直骗我到最后。因为只要你肯那么做，我就不需要真相。,月见月理解的侦探杀人
些微的勇气就是真正的魔法，少年少女啊，胸怀大志吧！,魔法老师
值得获取的东西，就在风险的彼岸。,魔法老师~白之翼~
那么前进的人类啊，前进就意味着承受更多的风险。但这又算什么？比在安全地带游手好闲等着腐烂的猪好过太多了。,魔法老师~白之翼~
我们走过风走过雨，就是没能走进彼此的内心。,自分
正因为看似不能实现，所以那些话语才会让我们一次又一次提起，并为此而追求。,原创
把脊背挺得笔直，方向始终面向前方，脚步平稳而坚定，笑容无畏而充满希望。,原创
Now I&#39;m home.,魔法少女小圆
我们小心翼翼地守望这预兆，期冀它不被别的阴谋妨碍，在这清晨崭新的光芒中从容地胀开去。天才刚刚亮，距离下一次黑暗前来造访，还有时间。,天黑以后
曾经我眼前不见一物，如今视野中万物多彩。,约翰福音9:25（自翻译）
没有事实，只有诠释。,尼采
于道理上可以理解，于情感上却不能接受。因此放弃了理解而予以反对或支持，这就是问题所在。,原创
只要一息尚存，就还有希望。,格言
生命的意义在于人与人之间尽管无法完全理解却又对互相理解的不断追求。,网络
心之所愿，无所不成。,网络
平凡的过分就会被无视,追风筝
想要兄弟与你生死与共，第一要先为你的兄弟付出，唯有付出才能得到认可。,傲世九重天
世界居然是如此的耀眼啊,科学的超电磁炮S
无论世界有多么可怕 都没有关系  无论世界有多么残酷   都没有关系  战斗吧   战斗吧！      战斗吧！！战斗吧！！！  …… 战斗吧！！！,进击の巨人
不管怎样、偶永远在你身边。               嗯、永远在身边。,MV
就这样理所当然的活着，无法客观的判断自己，也无法与别人产生共鸣,鸣鸟不飞
那些所谓迷惑什么的反正只是些无聊的感伤,鸣鸟不飞
恋ではなく、爱でもなく、もっとずっと 深く重い。（并非喜欢、也不是爱。而是更加深刻而沉重的——）,sweet   pool
我裤子脱了你就给我看这个！！！,
没有人天生孤傲 他只是不想和你这傻逼说话罢了,
难过从来就不能解决任何问题,
人们只是用好人来称呼对自己有用的人而以，不存在对所有人都有用的人,进击的巨人
日子过的象流水一般。它静静的从我们身边缓缓流过，不带半分声响。那些我们当年执着的人，执着的事，执着之后，却变成一种负担。,凑合活着
这样的日子，居然一过就是一年多，他们和所有正常的不正常的恋人一样，相爱着，伤害着。 　好像彼此已经在一起很多年了，那种感情，慢慢变成一种习惯。,凑合活着
哭又怎么样呢？第二天一睁眼，这日子不还得过吗？,凑合活着
不管是喜欢还是讨厌都没必要，只会让一切变得无聊又麻烦。只想平静而事不关己的混下去,
相互间的抚慰根本没必要只要你还存在着就足够,
因为你是一个人，我也是。。,鸣鸟不飞
人不能一个人活下去，不需要任何人的孤独和需要人但得不到的孤独是不一样的,邻座的怪同学
要么忙着生存要么赶着去死，人总要做点什么,肖申克的救赎
这个世界是个好地方，值得我们去奋斗。我认为后半句没错,七宗罪
生活是一种态度，骄傲是一种武器，回忆是对现实的拒绝和嘲弄，以一种值得骄傲的从容像往常一样生活！,
我慢慢地了解到，所谓的父女母子一场，只是不断的目送他的背影渐行渐远。你站在小路的这一端看着他逐渐消失在小路转弯的地方，而且，他用背影告诉你不必追。,目送
物质是标志客观实在的哲学范畴，这种客观实在是人通过感知感觉的，它不依赖于我们的感觉而存在，为我们的感觉所复写、摄影、反映。物质的存在形式：运动、时间、空间,
背叛从一开始就存在。”库洛洛·鲁西鲁,《全职猎人》
花还是一样开风还是一样吹太阳还是一样升起，但有些东西已经变得不一样。,几米《走向春天的下午》
听著乔巴~ 男子汉即使遇到可能会杀死自己的强敌也不能倒下，就算对方是死也赢不了的敌人！男人有时候是绝对不能逃避战斗的！尤其尤其是当夥伴的梦想被人嘲笑的时候！！,one  piece
时间可以治愈？如果时间也病了怎么办,寒蝉明泣之时
"共道人间惆怅事,不知今夕是何年。",周秦行纪
男人从小的时候就是无药可救的。,秋之回忆
宅，是一种生活状态；死宅，是一种人生境界⋯⋯,by 朝颜留空
为毛我的眼里常含泪水，因为我老是中枪。,by 不管外表怎样强悍我都是受
不相信自己的人，连努力的价值都没有。,火影忍者
什么都无法舍弃的人，什么都无法改变 。,进击的巨人
勇气，就是即便害怕也会去做。,原创
有些事情我不看透，不是我笨，只是我太善良。,樱桃小丸子
"到底该怎么做,你才会喜欢我呢?",
"十年前,你爱我,我逃避不见,十年后,我爱你,你不在身边.",
"乐观者在灾祸中看到机会,悲观者在机会中看到灾祸.",
"当你爱我时,我的心在沉睡,当我爱你时,你的心已冰封.",
"用一转身离开,用一辈子去忘记.",
站在巨人肩上.,
"昔我往矣,杨柳依依,今我来思,雨雪霏霏.",
"人归落雁后,思发在花前.",
"别时容易见时难,流水落花春去也,天上人间.",
"相见时难别亦难,东风无力百花残.",
"门外若无南北路,人间应免别离愁.",
"前不见古人,后不见来者.念天地之悠悠,独怆然而涕下.",
"冠盖满京华,斯人独憔悴.",
问君能有几多愁?恰似一江春水向东流.,
"天长地久有时尽,此恨绵绵无绝期.",
"别有幽愁暗恨生,此时无声胜有声.",
"羌笛何须怨杨柳,春风不度玉门关.",
代码如诗.,
"春风得意马蹄疾,一日看尽长安花.",
"白日放歌须纵酒,青春作伴好还乡.",
"嘤嘤鸣矣,求其友声.",
"投我以桃,报之以李.",
"同是天涯沦落人,相逢何必曾相识.",
"盈盈一水间,脉脉不得语.",
"举手长劳劳,二情同依依.",
"月上柳梢头,人约黄昏后.",
"身无彩凤双飞翼,心有灵犀一点通.",
"东边日出西边雨,道是无晴却有晴?",
"上穷碧落下黄泉,两处茫茫皆不见.",
"两情若是久长时,又岂在朝朝暮暮.",
"在天愿作比翼鸟,在地愿为连理枝.",
"衣带渐宽终不悔,为伊消得人憔悴.",
"少年辛苦终身事,莫向光阴惰寸功.",
"古人学问无遗力,少壮工夫老始成.",
"问渠那得清如许,为有源头活水来.",
"盛年不重来,一日难再晨,及时当勉励,岁月不待人.",
"青春须早为,岂能长少年.",
"南山栋梁益稀少,爱材养育谁复议.",
"我劝天公重抖擞,不拘一格降人才.",
"它山之石,可以攻玉.",
"城中好高髻,四方高一尺.",
"人生自古谁无死,留取丹心照汗青.",
"斜晖脉脉水悠悠,肠断白频洲.",
"千里莺啼绿映红,水村山郭酒旗风.",
"万里赴戎机,关山度若飞.",
"乐民之乐者,民亦乐其乐,忧民之忧者,民亦忧其忧,乐以天下,忧以天下,然而不王者,未之有也.",
"生于忧患,死于安乐.",
我知道这个世上有人在等我，尽管我不知道我在等谁。当因为这样，我每天都很快乐。,电影《返老还童》
只要有你，我便我所不能,进击的巨人
名人名言，屌丝屌言。,（无）
因为自己是不幸的，所以就要让别人比自己更不幸。,妖精的旋律
看不起这么在意成绩的自己,脑内
现在开始也要好好努力啊,脑内
我喜欢的女孩……很会吃醋、又性急、爱哭、易怒，但是，她的微笑……就是我最大的幸福……,相聚一刻
让我们七夕作伴，烧的潇潇洒洒,
人生無論何時都無法倒退，就算這種無話可說的一幕，總有一天會失去，然後這樣失去之後，總有一天 會讓人後悔不已,やはり俺の青春ラブコメはまちがっている。
推動世界進步的，總是那一小部分的天才,這いよれ！ニャル子さん
地球只有一个，而欧派有两个,
有家有爱，有欧派,
援力与我同在我有金刚的本子，他们一定会原谅我的,
我第一次知道我的眼睛里可以装下这么大的一个胸,
玩儿发大的,
好高兴啊，又喝成长快乐了,
本大爷今天也帅的像鸟一样,
越看越陶醉，人醉人憔悴。,
轻拢慢捻抹复挑，花式撸管冠军？我和他谈笑风生,
你我约定，一争吵，立即喊停。也说好，没有秘密，彼此很透明。,
三分天注定，七分靠打拼，90靠长相,
心叶，你一定不懂吧,文学少女
琉璃花——国内第一刊打造小清新动漫风格和轻文学的电子刊物。,原创
琉璃花——打造小清新动漫风格和轻文学的电子刊物。,琉璃花杂志
喜欢你，因为我喜欢你，比地球上任何人都，喜欢你...,名侦探柯南
我有在反省，但我不后悔。,物语系列
"只要有你,我就无所不能",进击的巨人
矮油卧槽矮油卧槽矮油卧槽矮油卧槽,你猜
我……是不会成为回忆的……,最终幻想
谁来演英雄？我？还是你？,最终幻想
我这个人太会说话，如果有什么冒犯的地方，你他妈来打我啊,
我这个人不太会说话，如果有什么冒犯的地方，你他妈来打我啊！,
我有在反省，但我不后悔,物语系列
研表究明，汉字的序顺并不定一能影阅响读，比如当你看完这句话后，才发这现里的字全是都乱的,研究表明
時而流淚、時而歡笑、時而生氣，如此忙碌卻也這般幸福。,崛與宮村
大家互相幫助，一起成功，一起幸福什麼的，不過是種理想。現實中，有人幸福，就必定有人被拋棄 ，有人光鮮，就必須有人滿身泥濘。,比企谷八幡—大老師
有一種心態叫放下 ，拿的起，放不下，那為什麼不向前看？,my
帶著行李，偷偷住進妳心裡， 等到妳發現，卻已經沒有讓我離開的理由,my
我真是傻了才會問你這個問題,my
在受挫的同時，卻又強迫讓自己接受挫折,SunShine
如果哪一天薰衣草瓶裡的香味消失了，我還會記得你嗎？,SunShine
要沉在過去，還是要編織屬於我們的美夢？,SunShine
"我不要妳忘記他 , 我只要妳記得我",SunShine
那天，我沒有哭，因為我哭不出來了,SunShine
願意去付出就不要後悔自己當初的決定，即使過程會使你傷痕累累。 如果後悔了，那跟背叛自己有什麼兩樣,SunShine
渴望擁有，但害怕失去，所以拼命排斥。,SunShine
"如果有人说怀有希望是错误的,无论多少次我都会否定他。",魔法少女小圆
乔巴，一个男人，有时候是不能逃避战斗的，尤其是当伙伴的梦想，被人嘲笑的时候。,海贼王
就是我死掉，我的伙伴，也一个都不会给你的！！！,海贼王
当然要迷失方向，才能到达一个无人能找到的地方,加勒比海盗
如果你在的時候 會不會伸手 擁抱我,星空
在我們必須面對這個殘酷的世界以前 請溫柔地對待我們,星空
对别人抱有期待，只能让自己受伤。,《花开伊吕波》
我和我的小伙伴们都惊呆了,我和我的小伙伴们都惊呆了
『虚伪的眼泪，会伤害别人，虚伪的笑容，会伤害自己。』,反叛的鲁鲁修
我是一个不普通的普通人，因为世上只有一个我,自己
荒诞也好，愚笨也好，总会过去的。,《一瞬的光和永远》
夹在我女友与前女友与青梅竹马间的果然是修罗场！,夹在我女友与青梅竹马间的各种修罗场
最终让你难以忘怀的，并不是某个谁，而是当初为之倾心，不顾一切的自己。,网络
"Yesterday is a history, tomorrow is a mystery, but today is a gift.",Kung FU Panda
创新不能忘本，传统不能守旧。,马来西亚姑蘇行师傅
我到底要以怎么样的速度生活才能与你再次相遇？,秒速五厘米
要是因为烦恼很痛苦，就选择了轻松的选项，将来一定会后悔。,樱花庄的宠物女孩
一生中，總有那麼一段時間，需要你自己走，自己扛。 不要感覺害怕，不要感覺孤單，這只不過是成長的代價。,facebook专页（ Anime哲理名言錄）
所谓的言语，只有当对方听进去了才开始有意义啊。,少年同盟
也許你的才能不足，沒辦法變成一個很厲害的人。 也許你的運氣不好，沒辦法遇到一個讓你閃閃發光的好機會。 也許我們沒有誕生在可以供給我們豐沛物質資源的家庭。 BUT， 人生中最重要的就是這個BUT， BUT有一件事你可以真正的選擇。 你可以成為一個願意關心別人的人。 你可以成為一個願意對周遭付出的人。 你可以成為一個願意勇敢戰鬥的人。 你可以成為，總是能夠把朋友聚在一起的，那一個人。 成為一個讓人一眼看到你就開心的人， 比成為一個厲害的人，還要重要。 很多比你擁有更多更多更多的人，他們竟然都不是這樣的人， 但,九把刀
我愿意给你自己所有的快乐，你愿意分担我一半的难过吗？,网络
旅行唯有出发前最愉快，狗儿唯有叫声最吓人，女人唯有背影最美丽，人们唯有离别最悲伤。,狼与香辛料
雨虽停，但我已起涟漪的心，何时会停？,自创
我一直都在你身边 ，一直都在。,CLANNAD
用我一生，换你十年天真无邪。,盗墓笔记
人生就是一列开往坟墓的列车， 路途上有很多站口， 列车上没有一个人可以由始至终陪着你走完， 包括亲人，友人，爱人。  你会看到来来往往，上上下下的人。 如果幸运，会有人陪你走过一段， 当这个人要下车时候， 即使不舍得， 也该心存感激， 然后挥手道别， 因为她就算不是你生命中最重要的人，但她却一定是让你在生命中成长的人~~,网络
如果你不能给她穿上嫁衣，请停下脱她衣服的手,网络
我已经倾尽所有了， 如果这次还不成功， 我就真的一无所有了， 到时候我会放弃， 我不会再固执了~,《海苔亿万富翁 top secret》
我并不觉得如果不和已分开的朋友们经常用电话联络， 他们就会把我给忘了~~ 因为我们共同拥有的不只是电话， 而是曾经一起的那一些回忆~~,网络
其实我早就输给你了， 从我们第一次见面开始。 对不起， 到最后还是没能让你喜欢上我， 我尽了最大的努力， 我拿出来给你的， 已经是我拥有的最好的， 只要你要的是我有的， 我都能给你， 只为你能关注到我~~,网络
大人会腼腆过去，小孩会逃避未来~,噬魂师
去保护谁也就是去为那个人创造容身之处，去创造那人能笑着寄身之处。,记录的地平线
只有回不去的過往，沒有到不了的明天。,网络
五十六个闰土，五十六只猹，五十六支闪亮钢叉放你家，五十六支钢叉汇成一句话，叫你偷瓜叫你偷瓜叫你偷瓜...,网络
卧槽。。我和我的小。。。。咦？ 卧槽! 卧槽！我的小伙伴呢？。！ 哎哎哎～你们跑毛……我操，等等我,网络
咱们是出家人（小声）：其实我还是可以整盅的。。,网络
原来小米还可以拿来拍月亮，早说嘛。我还以为2K多买了个电饭煲。。。,网络
“一个流氓老是找我收保护费怎么办。。。”“喂点‘萌汉药’就可以了”,原创
研究结果表示，在喜欢的人面前智商会变低。。。难道我爱上了我的英语老师？！,网络
我给你讲个故事：从前有个庙，庙里有个和尚，和尚在偷wifi下岛片，然后被方丈没收了。。。,原创
千万别买急支糖浆！！！！买了会有只豹子追你！！,原创
每日一日语:小静香——six god 酱,原创
A：你女朋友是哪的啊？ 视频通话你背后那个！ B不好意思回答：那...是，胶做的 A：太巧了！我女朋友也是焦作的她是焦作哪个地方的？ B：胶做的....全身都是,网络
我觉得，我这辈子最灿烂的笑容，大概都奉献给我电脑屏幕了。,bilibili
越是锐利的小刀切完东西后就越容易变钝。,东方永夜抄
阳光灼热，数不尽夏日繁华；蝉鸣幽幽，道不完苦辣酸甜。,危险同居人
只要微笑就可以了。,EVA
H什么的最讨厌了！,
你是最后一个人了！,《1984》
过去和未来都不是重点，重点是现在，现在想做什么就去做吧~少年！,原创
阻挡你前进只有你的思想，战胜这个阻碍，就是你的世界了。,原创
最终到达才是诺言的本真,"洪陈正宇-第四座城:过去和现在,将来,将来,再将来"
ファイトだよ‼,高坂穂乃果
やるったらやる！,高坂穂乃果
Love arrow shoot!,園田海未
白いごはんって素敵ですよね～なんてあんなに白いんだろう…,小泉花陽
にっこにっこにー。,矢澤にこ
バッドミントンしたいにゃ…,星空凛
スキのちからで飛んで飛んでみようか　そこに何かが待っているかな,HEART to HEART!
それぞれが好きなことで頑張れるなら　新しい場所がゴールだね,僕らは今のなかで
叶え！私たちの夢ー。,ラブライブ！
MAKE OUR DREAMS ALIVE,ラブライブ！
ハラショー！,絢瀬絵里
せーの！はい！はい！はいはいはいはい！,応援しましょ～！
答えなくていいんだわかるから　胸に描く場所は同じ,ぼららら
自分からもっと力を出してよ！,no brand girls
時をまきもどしてみるかい？,僕たちはひとつの光
いまが最高！！,僕たちはひとつの光
ぴょんぴょこぴょんぴょんかわいい　髪の毛をはねてぴょんぴょんこ,にこぷり♡女子道
Sunny day Wow! Song power!,SUNNY DAY SONG
This is nyamazing!,字幕
Catch your dream!,1期13话
好きだから。,穗乃果&妮可
"I say... Hey, hey, hey, START:DASH!!",START:DASH!!
届けて...切なさには 名前を付けようか&quot;Snow halation&quot;,Snow halation
青く透明な私になりたい　友達のままであなたの前で,Love marginal
"I know happy holiday, happy holiday いつもの場所にて集まれっ",sweet&sweet holiday
がんばらねばねばねばぎぶあぷ　なーなななーななりたいな,ラブノベルス
純粋宣言yeah yeah yeah!,Pure girls project
羅伊德：蘭迪，你其實是知道的吧？如果只是不停地追隨某個人的背影，那總有一天會走投無路的。,英雄傳說：零之軌跡
要成為修羅就要放棄一切覺悟，要在這個世上活下去，就要放棄一切痛苦。,萊維
也許，走遍整個大陸，也找不到第二個城市，能有這麼美麗的夜景。但是，都市的燈光越是輝煌，星光就越顯得黯淡……也許，走遍整個大陸，也同樣找不到第二個城市，霓虹燈竟能把女神的慈愛之證、那純潔的星光遮蔽得如此,艾莉
从前，我只知道那条生来便已被决定好的道路，是你给我带来了崭新的光芒……,艾莉
如果我贏了，你就是我的人了,羅伊德
人是只要活在世上，就是必須背負某種罪孽的存在，正是這樣，人只要活著就總會面對[牆壁]。重要的是要有跨越牆壁的意志。,羅伊德
無數奸惡的天性都從集於他的一身，不以命運的喜怒為意，揮舞著他血腥的斧槍。,蘭迪
人們往往用至誠的外表和虔敬的行為，掩飾一顆魔鬼般的心。,莉絲
我就這樣從《聖典》偷出些斷章殘句，來掩飾我的赤裸裸的罪行。外表上裝做聖徒，暗地裡是八卦心腸。,瓦吉
我們的尊嚴不值什麼錢，可它是唯一我們真正擁有的東西，是我們最後一寸領土，但在那一寸領土裡，我們是自由的。,罗伊德
我會死在這裡，我的每一寸肌膚都會腐爛，除了…一寸，這一寸，它是那麼的小，那麼的脆弱，卻是這世上唯一值得擁有的東西，我們決不能失去或者放棄它，我們決不能讓別人把它奪走。,蓋伊
女神就在雨中。,艾莉
在這根法杖下不僅是肉體，還有智商，而智商是不怕刀劍的。,緹歐
我本來不相信我還能再愛，那是你能給我最美好的東西。,蔡特
我們尋求的【答案】一定就在某個隱藏的地方。,伊莉亞
你的『銀』就由你自己決定吧~,莉夏
时光它是否知道我的世界还有无来者。,Joy.梵音
请务必让我进入幻想乡！！！,
茕茕白兔，东走西顾。衣不如新，人不如故。,古艳歌
你见过树，却未见过森林，只是你没有理解和平的意义而已，乖乖束手就擒吧！你的死，将会促进和平！,火影忍者疾风传
我等你送我一轮骄阳。,骄阳似我
少年少女 向前走吧。,阳炎PROJECT
给博客切换个愉悦的主题,365设计
呐 咬 这个字 分开念,我去
我给你我全部光明，只换你包容我黑暗一面！,原创
"如果我的付出,可以为人类的未来增加一块基石的话,大概我就是为此而生的吧",徐逸
不反抗，难道要等死吗！,出自网络
我要做买得起正版日行手办的人！,人生励志
被敌人绊倒就顺势翻滚起来反击，吓死他！,人生
看似美好的东西，往往藏着陷阱。,只有神知道的世界
下一次重逢，将是何年何月？天空必将见证。,SOLA
上帝说要有光，于是萝莉就掀起了裙子。,
挡着在我们面前的是巨大庞然的人生，阻隔在我们中间的是广阔无际的时间，对于他们，我们无能为力⋯⋯,秒速五厘米
恋ではなく、爱でもなく、もっとずっと 深く重い。,sweet   pool
如果我会变成恶魔，那就随他吧。我会接受放逐，一切只为了保护她。,鬼泣
男人许下的诺言就一定要遵守。,海贼王
私だって今日こそ... 遠野くんに告白するんだ。,秒速五厘米
别人说的记在脑袋里，而自己的，则放在心里。,
我想要握紧的并不是匕首或是什么，只不过是他的掌心而已。,空之境界
喜欢上你，爱上你，真是太好了，谢谢。,龙虎斗
少罗嗦，你还不如虫子呢！,迷糊餐厅
苦到头未必是甜的，而甜到头一定是苦的 。,
既然忘不掉，就把它留在心中，让时间去冲淡它。,
能哭的地方只有厕所和爸爸的怀里。,CLANNAD
如果分手的恋人还能做朋友，要不从没爱过，要不还在爱着。,九ちのセカィ
就算你已经不在，就算你身边的人已经不再是我，我也会坚强的活下去，为了你。,
魔装少女就是本少爷！,这是僵尸吗？
不会停的雨的确存在，但是撑起伞来就行了，接下来抬起头前进，这样一来，偶尔会出现下着太阳雨的日子，经过阳光的反射闪闪发亮的雨滴，一定非常美丽。,秋之回忆Memories Off
就连一直都无容身之地的我⋯⋯也不是可以任意舍弃的生命。,夏目友人帐
我要拼，装上假牙也要拼！,灌篮高手
哼！悔改吧，你们这群死宅，人家可是身价四千万的大小姐。,
如果我拥有如同小狗一样的尾巴的话，肯定会高兴得遮掩不住地摇来摇去吧。,秒速五厘米
你永远是我唯爱旅行中名为秘密的起点站。,绘心
有些事情本身我们无法控制，只好控制自己。,
有一种无奈叫做，你明明是只候鸟，却喜欢上只能给你冬天的人。,九ちのセカィ
等待，不是为了你能回来，而是找个借口不离开。,九ちのセカィ
我们一路奋战，不是为了改变世界，而是为了不让世界改变我们。,熔炉
算了，和你说话感觉就像是大姨妈来了。,龙虎斗
大地母亲在忽悠着你。,魔兽世界
呐，知道么，樱花飘落的速度，是每秒五厘米哦~,秒速五厘米
看到的感受到的永远都不会消失永远都不会忘记，与各种各样的相遇一同永存。,夏目友人帐
如果你不能击败你的敌人，那么就加入他们。,加菲猫
我只对现实世界绝望过，却未对自己绝望过！,只有神知道的世界
生活就像愤怒的小鸟，失败后总有几只猪在笑。,
即使无法掌握未来，也请不要忘了明天。,
研表究明，汉字的序顺并不定一能影阅响读，比如当你看完这句话后，才发这现里的字全是都乱的。,
就算是沉落地面的太阳，只要夜晚过了一定会再度升起，不管有什么痛苦或难过的事，跟今天截然不同的明天也一定会到来。,文学少女
那双紧握不放的手⋯⋯抓住的是希望⋯⋯亦或是絕望⋯⋯,
努力是不会背叛自己的，虽然梦想有时会背叛自己。,我的青春恋爱物语果然有问题
我会跟她结婚，并不是因为她是计算机，而是因为她就是她。同样的，我会喜欢你，也是因为你就是你。,人型电脑天使心
只要能努力，就应当去努力；只要还能前进，就要向前走去。,CLANNAD
即使如此，我也有我想保护的世界！,高达seed
不管怎么样，未来都是可以改变的。,雏菊
姑娘们啊，要在该认真的地方全力认真，当你不想认真的时候不妨笑笑。,
神曲的存在并不是为了享受音乐，而是品味那段最珍贵的回忆。,
真相只有一个！,柯南
那天放学的时候人很多。楼道很挤，你的手不小心碰到了我的手背，这是我漫长而又短暂的初恋。,九ちのセカィ
小孩子看了根本把持不住！,
求你，保护那孩子，消除灾厄，抹除祸事。哪怕⋯⋯那是我自己⋯⋯,食灵
所以，他们的祭典还没结束。,我的青春恋爱物语果然有问题
代表月亮消灭你！,美少女战士
旅行唯有出发前最愉快，狗儿唯有叫声最吓人，女人唯有背影最美丽。,狼与香辛料
不相信人咬不到肚脐的，咬破肚脐去死如何？,海猫鸣泣之时
故乡的云。上古的玉。随手的诗。十九岁的你。,可遇不可求的事
我不是萝莉控，是妹控啊！,我的妹妹不可能那么可爱第二季
不管看到什么样的过去，都请不要迷失自己，不管你变成什么样子，我都是你的同伴。,angel beats
控兄是我的个性的同时，也是勋章！,就算是哥只要有爱就没问题吧
无论你在哪里，就算我看不见你，我也会一直注视着你。,妖精的尾巴
人不能一个人活下去，不需要任何人的孤独和需要人但得不到的孤独是不一样的。,邻座的怪同学
人们只是用好人来称呼对自己有用的人而以，不存在对所有人都有用的人。,进击的巨人
自己永远是孤单的，但你可以让其他人变得不孤单。,
我很好奇！,冰菓
除了爱你，我什么都可以。,命运守护夜
不敢正视你的眼睛，是怕我每一个眼神都在告白。,九ちのセカィ
我从小就害怕虫子,小小闲
美好的人眼裡映出的世界也是美好的。,ARIA
我们的夏天仍未结束。,王牌投手
廉价的自尊、粗劣的傲气，无论哪个后生小辈都很重视这些东西。,狼与香辛料
你的心可以属于耶稣，但你的屁股永远属于陆战队！,魔法少女陆战队
没有动漫的世界，就是没有的光明的大地！,
你才是⑨！你全家都是⑨！,
刁蛮少女贵千金，比武招亲动芳心。盼能与君长相依，结伴江湖侠侣行。,仙剑奇侠传
我手中的魔法，是守护挚爱的力量，是坚定这个信念所必须的力量，我一定会拯救你的，无论在何时、何地。,魔法少女奈叶
人生最糟糕的事，一个是饿肚子，一个是孤独。,夏日大作战
不要哀求，学会争取；若是如此，终有所获。,交响诗篇
江湖可能因为少了谁而失色，却不会因为少了谁后就不再是江湖。,高手寂寞
生我何用？不能欢笑。灭我何用？不减狂骄。,悟空传
生活就像超级女生，走到最后的都是纯爷们。,
你会梦游，我会磨牙，我们晚上一起去吓人吧！,
患了中二病，等于有了一种信仰。,
如果还有来生 ，我无论如何都要来到你身边，我已经没有了其他想要追求的东西，因为没有比你更重要的了。,秒速五厘米
请不要忘记，那给你带来感动的，名为二次元的理想乡。,
忘记本身就是一件不可能的事。,我们的存在
不要把你所遭遇的苦难看得太大，更不要把你所拥有的幸福看得太少。,
风筝的线你随时可以放开，只是别盼望我会回来。,
和哥哥的便当比起来夜空的薯片就像大便一样！只会给我大便的大便夜空是笨蛋～笨蛋～,我的朋友很少
要么忙着生存要么赶着去死，人总要做点什么。,肖申克的救赎
如果你执意追寻着我的幻影，总有一天会被真正的我打败。,棋魂
从一开始，我就不那么喜欢你。,秋之回忆
我没有梦想，但是我能保护！,假面骑士555
无法飞翔的翅膀也是有意义的，因为它是曾经翱翔于天空所留下的珍贵回忆。,AIR
正因为听不见和看不到，所以风子才会做这样的事情。,《clannad》
君生我未生，我生君已老。 君恨我生迟，我恨君生早。,全唐诗续拾
"All for one, one for all.",海贼王
工程穷三代，考古毁一生。,魔兽世界
我的眼睛，就是为了寻找你而存在的。,H2O
龙儿是我的，谁都不准碰！,龙虎斗
就是因为抱有不现实的理想，所以才总是做出如此极端的事情！,逆袭的夏亚
欺骗世界，欺骗最初的你。,Steins;Gate
没有回忆就去创造回忆，没有道路就去开辟道路。,平安夜的噩梦
雨，何时停？,秋之回忆
比起有一百个朋友，不如有个比一百人还要重要的真心朋友。,我的朋友很少
男人变态有什么错！,寒蝉鸣泣之时
我一直以为人是慢慢变老的，其实不是，人是一瞬间变老的。,《舞！舞！舞！》
不要，我现在暂时留在他身边，直到那转瞬即逝的日子到来。,夏目友人帐
没有期盼就不会出现奇迹。,古城荆棘王
愿风指引着你的道路，愿你的刀刃永远锋利。,魔兽世界
将愿望倾入不愿忘却的回忆中⋯⋯,ef-a tale of memories
胸不平何以平天下，乳不巨何以聚人心。,网络
就是因为你不好，才要留在你身边，给你幸福。,哈尔的移动城堡
对不起，风太大，我没有听清楚⋯⋯,东京巴比伦
倘若只是为了驱赶心中的寂寞，找谁都可以的。,秒速5厘米
燃烧吧，我的小宇宙！,圣斗士星矢
愿我等之誓言，超越姓名与身份而永存。,风姿物语
低头不是认输，是要看清自己的路；昂头不是骄傲，是要看清自己的天空。,科比·布莱恩特
黑暗不能驱除黑暗，只有光明可以做到；仇恨不能驱除仇恨，只有爱可以做到。,
与其被自己的本性牵着走而痛苦，倒不如试着改变自己。,银魂
与众不同的生活方式很累人呢，因为找不到借口。,幸运星
我喜欢你们！超喜欢的！大家和我交往吧！绝对会让你们幸福的！,学生会的一己之见
谎言不一定是谎言，被发现的谎言，才算是谎言。,秋之回忆
臣妾做不到啊~,甄嬛传
24岁的阿升你好，我是15岁的美加子，我现在也还是非常、非常的喜欢阿升哦！,星之声
我会继续等着你，就算是一万二千年。,创圣的大天使EVOL
二次元什么的我本来是不感冒的，直到我的膝盖中了一箭。,
记性太好，有时候是一种负担。容易忘记往事的人，是幸福的。,九ちのセカィ
生尽欢，死无憾。,仙剑4
情深不寿，强极则辱，谦谦君子，温润如玉。,书剑恩仇录
羁绊是那不可切断的深切联系。即使分离，心与心也紧紧的连在一起。,假面骑士kabuto
人经历风浪是会变得更强，可是船不同，日积月累的只有伤痛。,海贼王
有光的地方必有影，有影的地方也必定有光，绝望的颜色越是浓重，一定会有光芒耀眼的希望。,银魂
问君能有几多愁？恰似一部新番没看头。,竹田花落
无论乌云有多浓厚，星星也一定还在，只是暂时看不到了而已。,电波女与青春男
与你的生命等价的东西，这个世界上根本没有。,
有你在的日子才是我的日常。,琴浦小姐
邂逅本身，就是一种奇迹啊。,游魂
人总是会变的，不要害怕改变哦。,秋之回忆
在回忆里留下微笑是为了不让你哭泣...,原创
新闻联播的牛X之处在于就算你一直在换台，也能完整的看完一条新闻。,
世界这么大，人生这么长，总会有那么一个人，让你想要温柔的对待。,哈尔的移动城堡
"“你没车没房没卡,拿什么和我谈恋爱？”“......我有高达......”",gundam
比希望更炙热，比绝望更深邃，这就是爱啊。,魔法少女小圆-叛逆的物语
只要有想见面的人，自己就不再是孤单一人。,夏目友人帐
你制定的计划是.txt还是.exe?,
树上的鸟儿成双对，对面的冤家你想掐死谁。,
我的一生，无怨无悔！,北斗神拳
我决定以人类的一个方法来感激你，我打算以身相许！,仙剑奇侠传
心，可是很重的。,哈尔的移动城堡
爱迪生说过：“要把BOSS打倒就要准备足够的等级。”,学生会的一己之见
但是，这一次你将不再孤独。,魔法禁书目录
做不到的话，不过就是一死 。但是，赢了就能活下去，要是不战斗就赢不了。,进击的巨人
以前高中时，羡慕大学考试只要及格就行；现在大学了，怀念高中考试及不及格都行⋯⋯,
就算是自私⋯⋯我也希望那些人能够永远都有笑容⋯⋯,夏目友人帐
今后无论发生什么事也好，这个左手上的⋯⋯都是同伴的记号！,海贼王
胜而不灭，霸而不辱，这才是真正的征服。,fate zero
风停之后再扬帆，船绝不会前行。,分身
一年、两年、三年⋯⋯十年、百年、千年⋯⋯即使用永恒的时间来等待，我也想再见你一面。,幻想三国志
一定是红线下得太乱，才不小心把我和你绑在一起了……却没系稳。,_好多虫漫画
一句话，不足以讲述一个故事，却可以让我们回味那些个动人的瞬间。,
我只是做了我能做的事，没有时间想将来。,秒速五厘米
隐约雷鸣，阴霾天空，但盼风雨来，能留你在此。,言叶之庭
从小好女色的男人的想像力比不上狗。,寒蝉鸣泣之时
不能逃避，不能逃避，不能逃避，不能逃避⋯⋯,EVA
要让一群人团结起来，需要的不是英明的领导，而是共同的敌人。,我的青春恋爱物语果然有问题
十步做一死，千里不留行，事了拂衣去，深藏功与名~,侠客行
自己的感觉，不说出来，别人也不会懂，如果不懂，就应该互相沟通。,好想告诉你
我除了投三分，就什么都没有了⋯⋯,灌篮高手
你再怎么称赞我，我也不会高兴的，你这个混蛋~,海贼王
喜欢大胸只是本能，喜欢贫乳才是审美。,呃……
美丽的不是这个世界，而是看世界的你的眼神。,吸血鬼骑士
树大必有枯枝，人多必有白痴。,谢谢你！坏运
你在颓废的时候别人都在努力哦~♪,
我年轻，我傲娇。,
我是一个经常笑的人，可我不是经常开心的人。,未闻花名
面对无知的嘲笑，我只能为他们默哀。,
烦恼这东西，是只有活着的人，才有的特权哦。,我们的存在
堕入黑暗裏的可怜影子啊，停止伤害他人的行为吧，犯下罪行的灵魂⋯⋯想死一次么？,地狱少女
一起去看星星吧。,未来日记
在茫茫人海中，同样是高中生，同乘7点50分的电车，看着同一片海⋯⋯那个瞬间不就是如奇迹般的邂逅吗。,单恋电车
要相信同伴，拯救同伴。,绯弹的亚里亚
XX什么的，最讨厌了！,
离别并不痛苦，因为我们都微笑着。,青之驱魔师
失去的东西虽然拿不回来，但是，忘记的事情是可以想起来的。,TOUCH
过去的事情可以不忘记，但一定要放下。,
就算是对我抱有敌意的人，也是被某个人深爱着而降生在这个世界上的。,罪恶王冠
你需要找出面对明天的力量。,The Battle of Chernobyl
我相信十年后的八月，我们还能再相遇。,那朵花
就算一次也好，我想在这颗星球上尽情奔跑。,Eden
前天是小兔子，昨天是小鹿，今天是你。,CLANNAD
空山新雨后，兵长一米六。,百度贴吧
繁花落尽，明月映着谁老去……,
我的小伙伴们都惊呆了！,
我们在年少时并不知道，有些乐章一旦开始，唱的就是曲终人散。,九ちのセカィ
"比自己,比梦想更重要的东西永远都存在着...",钢之炼金术师
一天吐槽太多次的话，梗也是会用完的。,我的脑内恋爱选项
我在未来等你。,穿越时空的少女
求求你，不要对我这么温柔！,秒速五厘米
正义不会因为无人歌颂而变成非议。,阿亚罗克年代记
你还是这么冷漠啊。不过，仅此而已的话，我是不会泄气的。,银魂
生活中若没有朋友，就像生活中没有阳光一样。,网络
君子可寓意于物，但不可留意于物。,
当你想做一件事，却无能为力的时候，是最痛苦的。,高达SEED
去死两次！,迷途猫
我敬你是条汉子！,论如何回答女友问题“你为什么对我这么好”
想你想到手都断了…,
你为了你的正义，我为了我的正义。,火影忍者
老是低着头，幸福可是会离你而去的喔。,我们的仙境
用番茄Lu过…比香蕉好←那是你没领悟到香蕉的正确用法,樱花庒的宠物女孩 10 B站弹幕
其实，恋爱这种东西，当你看上人家的那一刹那就已经失败了。,秋之回忆
我爱的人也爱着我，对我来说这简直是个奇迹。,NANA
我爱上的人，称我为怪叔叔,
少女祈祷中⋯⋯,东方project
我的内心就和厕纸一样单纯！,Little Busters!
世界并不完美，却因此而美丽。,奇诺之旅
智商是硬伤。,
如果不能忠于自己的心，胜负又有什么价值呢？,塔希里亚故事集
一天最大任务莫过于，好好睡觉，好好醒来。,火影忍者
我们都在命运之湖上荡舟划桨，波浪起伏着而我们无法逃脱孤航。但是假使我们迷失了方向，波浪将指引我们穿越另一天的曙光。,死神
今天的早餐是：早苗的面包、秋子的果酱和观铃的果汁~,
这个城市大得让人到处能一见钟情，却没法重逢。,九ちのセカィ
我们的心就像那天空一样，永不分离。,缘之空
能够轻易就放弃的梦想，有存在的价值么？,守护甜心
"Nothing is true, everything is permitted.",刺客信条
不能哭！唱歌吧！继续唱下去吧！不是为了赞美神，是为了向神挑战而唱！,文学少女
成熟不是人的心变老，是泪在打转还能微笑。,
不要相信你自己，要相信相信你的我。相信你吧，相信我相信着的你吧。,天元突破グレンラガン
很多人知道HACK一词，却不知道它的起源。,
一个人吃饭，太寂寞了。,无头骑士异闻录
我问你：你是我的Master吗？,命运守护夜
流浪去吧，总会在世界的一角找到愿意懂你的人。,几米
请叫我女王大人~,十万个冷笑话
我是要成为海贼王的男人！,海贼王
哭泣并不能改变任何事情。,推理之绊
错误可不是为了别人才改的过来的，要为了自己才能改正。,XXXHolic
魔非魔，道非道，善恶在人心。欲非欲，情非情，姻缘由天定。,仙剑奇侠传
生生生生暗生始，死死死死冥死终。,东方永夜抄
我们不应该根据背负的罪孽来选择道路，而应在选择的道路上背负自己的罪孽。,空之境界
比起悲伤来说，无法分享快乐这件事，要更加的寂寞吧。,AIR
承君此诺，必守一生。,仙剑奇侠传四
你不会死的，因为我会保护你.,EVA
天空本是一种风景，可是遇见你之后，它变成了一种心情。,九ちのセカィ
就算鼻血流尽，也不能放弃妄想。,摇曳百合
我没有梦想，但是可以守护他人的梦想,假面骑士555
行天之道，总司一切,假面骑士Kabuto
坚持本心不断前行是人之道，而开辟这条道路的，便是天之道,假面骑士kabuto
"If you understand what you&#39;re doing, you&#39;re not learning anything.",Anonymous
"Only two things are infinite, the universe and human stupidity, and I&#39;m not sure about the former.",Albert Einstein
"Time is a great teacher, but unfortunately, it kills all of its pupils.",Louis Hector Berlioz
没有名字的大笨蛋要对我做什么？3434343,音乐
失礼。噛みました,化物語(上)
失礼、噛みました,化物語(上)
在于你想不想去做！,
人心是太复杂的东西，退一步怕错过，进一步怕碰壁，千算万算终究还是站在原来的地方。,小说
请叫我伊凡大人，哈哈哈~~~,伊凡大人曰
不要妒忌别人，只要羡慕别人就好。,
爱妃这是作死，等朕处理完国事，定要让你好看。,
会长和往常一样挺着小小的胸部一副自以为了不起的样子套用某本书的内容说道⋯⋯,学生会的一己之见
我什么都不知道...别杀我...啊.啊.啊...诶，不对啊.我是小学生啊,
为了维护宇宙和平，打起精神来！~~,
与怪物战斗的人，应当小心自己不要成为怪物。当你远远凝视深渊时，深渊也在凝视你。,《查拉圖斯特拉如是說》- 弗里德里希·威廉·尼采
那种亲密的人突然陌生，希望完全落空的感觉，就好像喝口凉水居然被烫到。,
所谓用功学习就是获得让人生不走歪路的知识,俺物语
弱小和无知不是生存的障碍，傲慢才是。,三体 死神永生
失去人性，失去很多；失去兽性，失去一切。,三体 死神永生
常人安于故俗，豪杰率性而为。,卑鄙的圣人：曹操
当女人含泪求助时，无法帮助她停止落泪的家伙，是最差劲的男人。,无头骑士异闻录x2-承
秉忠贞之诚，守退让之实。,三国志 荀彧传
不忘初心，方得始终。,
所谓珍视某个人，就是要先做好去伤害他的觉悟才行。,我的青春恋爱物语果然有问题 续
你看，很简单吧，谁都不会受伤的世界完成了。,我的青春恋爱物语果然有问题 续
不是我，都是社会的错,我的青春恋爱物语果然有问题 续
越是不适应的人便越是不安分,冰菓
对自己有自信的时候不可以对别人说「期待」，「期待」是自己放弃了才会有的托词,冰菓
刚过易折，慧极必伤，强极则辱，情深不寿。,
hope is a good thing ... maybe the best of things ... And no good thing ever dies .,The Shawshank Redemption
I guess it comes down to a simple choice. Get busy living ... or get busy dying .,The Shawshank Redemption
Some things are best left unsaid .,The Shawshank Redemption
Just give me that chance .,The Shawshank Redemption
眼泪能够诠释最开心，却无法尽展最悲伤。,原创
我发过誓，再也不装作没察觉，再也不逃避。,广岛秋泽
受尽苦难而不厌，此乃阿修罗之道。,广岛秋泽
就算风吹散了冰雪，想念也会留存下来。,广岛秋泽
你是我的，那是曾经。我是你的，直到现在。,广岛秋泽
悲伤教会了我喜悦。,广岛秋泽
共道人间惆怅事，不知今夕是何年。,广岛秋泽
只有破碎的心才有伤人的棱角。,广岛秋泽
文能提笔控萝莉，武能床上定人妻。进可欺身压正太，退能提臀迎众基。,广岛秋泽
我的征途是星辰大海,银河英雄传说
原来失去什么都不是件悲伤地事，为何我现在如此悲伤,
完璧などはありえない。この世界は不完全だ。だから、美しい。,鋼の錬金術師
命運的紅線一旦斷了，就無法在連接。,犬夜叉
生即是死 死即是生，淨即是汙 汙即是淨，善即是惡 惡即是善。,犬夜叉
你說過等我的··· ···,Seek//追尋城堡色
煙雨煙雨，煙雨無能幻化雨··· ···,易水
日暮酒醒人已远，满天风雨下西楼。,谢亭送别
只要你在，我便无所不能。,进击的巨人
就要死皮赖脸的喜欢你,真心话
一停、二看、三通过、,交通906语音导航
你连死的资格都没有,幽游白书
天气寒冷！何时有晴天！,http://aijava.cn
新年新气象！祝大家一马当先！策马奔腾！！！,http://aijava.cn
路在脚下。,无
破恨南飞。,无
我既然爱你爱了整整一个曾经，那就会继续爱你整整一生。,关先生
小学生赛高！,萝球社
小学性生活与小学生生活意外的像呐...,10岁的保健体育
连我爸爸都没打过我！！,高达
人不只有一种颜色 有很多种颜色 真正的颜色 自己的颜色 谁也不知道 多姿多彩就行 请多姿多彩的活下去吧,意外的幸运签
我试图向创世主复仇，但终究失败了，而你必须要好好活着，因为你活着就是对创世主最好的惩罚。,死亡代理人
弱小的人 是既狡猾又不负责人的 怨天尤人 比起谴责自己 选择伤害他人,死囚乐园
一直向别人撒娇是不允许的 即使想从雨中获得慰藉也不可以 因为 这个国家 很少下雨,死后文
也许我所失去的，正是我生命中绝不该放手的东西。,云之彼端约定的地方
明明思念这里，我却不在了，我明明在这里，我却不在了，我明明不在了，却思念这里！­,死神的歌谣
让我来亲自告诉你，当一切结束，你会跪求我的宽恕...而我，会拒绝你！你痛苦的哀嚎，将是我狂野力量的最好证明！,魔兽世界
只要失去金钱的要素 人就会失去向上心 那是应该感到羞耻的事,说谎的男孩与坏掉的女孩
"没有失败,只有失败者.",懦夫
"Wake up, boy.You are late.",老卢
"每天叫醒你的不是闹钟,是梦想",None
在孤独中思考，在思考中成熟，在成熟中升华！,Cokool
这世上真正的好人和坏人都很少，大部分都是普通人。平时随波逐流，关键时刻则会出于自我保护而露出獠牙——然而正是因为这样才可怕。,果然我的青春恋爱喜剧搞错了
孤独的人不会伤害别人，只会不断地伤害自己罢了。,果然我的青春恋爱喜剧搞错了
如果说真实是残酷的，谎言绝对是温柔的吧。  ——所以，温柔是谎言。,果然我的青春恋爱喜剧搞错了
只有弱者才喜欢扎堆，问题是绝大部分人都是弱者。,果然我的青春恋爱喜剧搞错了
真正重要的东西，肉眼是看不到的。,果然我的青春恋爱喜剧搞错了
所谓“大家”，就是无视并牺牲了一部分弱势群体后所达到的虚伪的和平与共识。,果然我的青春恋爱喜剧搞错了
这世界不是只有快乐的。从悲剧中感受快乐也是必不可少的。,果然我的青春恋爱喜剧搞错了
女生口中的「好人」首先百分之百是「怎样都好的人」的意思，再好也不过止于「方便好使的人」。也就是说，不管怎样都是没戏了。,果然我的青春恋爱喜剧搞错了
所谓孤零零指的不是周围的人口密度，而是指个人的精神层面了。就算别人离你再近，要是不能感觉和自己是同一种生物，那么干涸的心也得不到满足。,果然我的青春恋爱喜剧搞错了
真正的强者才不会群居的。孤独者永远都是和这个世界的全部相对立的。,果然我的青春恋爱喜剧搞错了
孤独的人其实非常擅于思考。我们这群孤独的人拥有不同于凡人的思维，不时会出现超乎常人的想法。,果然我的青春恋爱喜剧搞错了
行动被评价和人格被评价完全是两码事。就像不能根据仅仅一次的善行就把那个人判定为善人。,果然我的青春恋爱喜剧搞错了
微风摇曳着窗帘，夕阳斜射入教室，在那里鼓起勇气告白的少年。  即使现在也能清晰地回想起她的声音——当朋友，不行吗？,果然我的青春恋爱喜剧搞错了
事事都要回顾的话，仅仅这一项，人生就会漆黑一片吧。,果然我的青春恋爱喜剧搞错了
男人都是很单纯的，只要你一搭话他就会误会。反正只要你努力的姿态让他明白了，男人就会心动。,果然我的青春恋爱喜剧搞错了
有自知之明的人才能理解讽刺...没有自知之明的人说多了也是白费力气...不懂和不存在是同义的.,果然我的青春恋爱喜剧搞错了
整个社会对我都很苛刻。所以至少让我自己宽容一下我自己吧。如果大家都对自己更宽容一点的话。大家都变成废柴就没有废柴了。,果然我的青春恋爱喜剧搞错了
通过隐藏真相，配合他人，隐瞒欺骗，来一边敷衍自己和他人，一边高明地处事，这应该并不难。因为世界上有很多人正是这样做的。,果然我的青春恋爱喜剧搞错了
工作的话就输了，工作的话就输了。,果然我的青春恋爱喜剧搞错了
人类是一株会思考的芦苇。,果然我的青春恋爱喜剧搞错了
尽管扭曲幼稚失败，但是只要坚持下去就是正义。如果只是被人否定就要改变的话，那种东西既不是梦想也不是自我。,果然我的青春恋爱喜剧搞错了
看谁的脸色，讨谁的欢心，保持联络，迎合话题，不得不做那么多才能维系的友情，那种东西根本就不是友情。如果那么繁琐的东西才能被称为青春的话，我根本不需要。靠这种无聊的交流而装做很快乐的行为根本就是自我满足。那根本就是欺瞒。是应该唾弃的邪恶。,果然我的青春恋爱喜剧搞错了
如果随便说句话就能解决烦恼的话，就没有烦恼这种东西存在了。,果然我的青春恋爱喜剧搞错了
为什么要称赞他人？那是为了把对方捧到更高的地方更容易绊他的脚，为了把他从高处摔下来。这就叫做称赞杀人法。,果然我的青春恋爱喜剧搞错了
手机这东西是一种能够加速人的孤独化的设备。即使有电话打来也能选择放置或者拒接，也可以不回邮件就这么无视了。能够选择性取舍人际关系，也能依照心情选择是否与人交流。,果然我的青春恋爱喜剧搞错了
精神方面充实了就一切都满足了这是不可能的。有形的事物总有一天会灭亡，不代表有形的事物毫无价值。物质和金钱归根结底是必须和必要的。,果然我的青春恋爱喜剧搞错了
虽然人生不能reset，人际关系却可以reset。,果然我的青春恋爱喜剧搞错了
无可替代的存在什么的不是很可怕吗？一旦失去就再也无法取回；绝对不能容忍失败；无法再一次得到。,果然我的青春恋爱喜剧搞错了
所谓的和人好好应对的行为，不过就是欺骗自己，欺骗对方，对方知道自己被骗，自己也被对方所骗，这样的连锁循环而已。说到底也不过是虚伪、猜疑和欺瞒而已。,果然我的青春恋爱喜剧搞错了
真正可怕的是身边的人。因为半吊子的信赖着他们。从来不会想到他们会背叛自己。因为在预料之外所以才恐怖。——朋友是最可怕的。,果然我的青春恋爱喜剧搞错了
在集团中，杰出的存在被排除在外。不是枪打出头鸟。而是被清除抛弃。被弃之不顾饱经风霜迟早会腐朽。,果然我的青春恋爱喜剧搞错了
没发生的假定毫无意义。人生没有如果。唯有后悔才是人生。,果然我的青春恋爱喜剧搞错了
为什么会认为只有离开的那一方才孤独呢。明明被留下的人也一定是相同的。,果然我的青春恋爱喜剧搞错了
比起寻找努力的理由，发现不努力的理由要来得更轻松。,果然我的青春恋爱喜剧搞错了
“人”这个字虽说看上去像人和人互相支持，不过这不是在单方面的靠着吗？只有承认将什么人单方面的牺牲才有“人”这个概念。,果然我的青春恋爱喜剧搞错了
润滑油是用来防止磨损的东西。在心中有着润滑油也会活得更加轻松吧。,果然我的青春恋爱喜剧搞错了
有问题的部分全部消除。如果发生了问题，只要将问题本身消除掉就没问题了。,果然我的青春恋爱喜剧搞错了
只有在必需时才去做，不必须就不会去做。人生也是如此。活着就会遇到讨厌的事，也就是说活着本身就是让人讨厌的，但不能因此就放弃活着。,果然我的青春恋爱喜剧搞错了
人要是一朝没落了，就会被人一踩到底。谁都会认为，被欺负的人就一直欺负下去好了。,果然我的青春恋爱喜剧搞错了
走路会撞到，跑步会摔跤。人无论做什么事情都有可能受伤。人生只要活着就会不停地受伤的。,果然我的青春恋爱喜剧搞错了
人与人之间通过接触，把握彼此的距离感和自己的定位。在人与人之间的冲突中，学会了如何与人保持不互相伤害的距离。,果然我的青春恋爱喜剧搞错了
得到什么，然后失去什么，这本身就是日常生活。有些东西失去了无法挽回。可是日子仍在喜怒哀乐中继续度过。,果然我的青春恋爱喜剧搞错了
所谓比任何人都要优秀，都要优异，就是无论你愿或不愿，都不得不意识到自己卑劣、不足的部分。,果然我的青春恋爱喜剧搞错了
正因为曾经是同伴，对于不再是同伴的人的非难也会更为残酷。,果然我的青春恋爱喜剧搞错了
将过去美化是内心脆弱的证据。喜欢讲述昔日的荣光是内心老去的佐证。想要将谁置于自己之下就此心安是软弱的证明。,果然我的青春恋爱喜剧搞错了
人不会对讨厌人要求理由。莫名的生气、莫名的讨厌、莫名的恶心、什么都能成为讨厌人的理由。,果然我的青春恋爱喜剧搞错了
虽然就是每天见面也不一定能够关系很好。只是，如果关系很好的对象在见不到之后就会自然的变得疏远。人类的感情变化不是能用比例和反比例说明清楚的东西。,果然我的青春恋爱喜剧搞错了
孩子啊，你要知道，虽然你喜欢漂亮的女孩子，可漂亮的女孩子却不会喜欢你啊（语重心长地）,果然我的青春恋爱喜剧搞错了
所谓时间可以改变一切是骗人的，只是在逼着自己忘记罢了；说改变自己世界也能跟着改变也是骗人的，人们不过是不断被世界侵蚀着，最后放弃了自我而已。,果然我的青春恋爱喜剧搞错了
女性总是要靠外部的东西来证明自己的价值。比如皮包、首饰、衣服，当然，还有走在身边的那个男人。,果然我的青春恋爱喜剧搞错了
“努力”是这个世界上最虚伪的东西之一，是成功者的借口，是失败者的安慰。然而不幸的是，努力却又是必须的，是即使明知会血本无归也不得不付出的投资。,果然我的青春恋爱喜剧搞错了
生物世界最有趣的地方是，生命单元，如细胞、蛋白质什么的，远看都是圆圆的，近看都有各不相同的结构。,pluri
A structure this pretty just had to exist.,James Dewey Watson
在看夏娃的时间，突然觉得咖啡店好赞。,daniel
爆裂吧，现实！粉碎吧，精神！放逐这个世界！,中二病也要谈恋爱
只要在棋盘上，棋子就总有遇见的一天。,赤棋天下
我们坐在时间的列车上，却不知到目的地是何方。,赤棋天下
吾等侍奉天朝，护佑华夏，肝脑涂地，歇忠尽智，万死而不辞也。,赤棋天下
吾等持世间之正道，故志破伪迷愚忠于九州，天下大势在吾，从吾者来！,赤棋天下
你已经走过了低端，现在向巅峰前进吧！,
努力不一定成功，不努力定不成功,反斗马蹓
All I Need is Your LOVE,我
大力出奇迹，穹妹即正义。,
生命太短，一秒钟都不留给让人不快的家伙。,
相信美好的事情即将发生。,
"我相信! 只要活着,就一定有好吃的。",
分享是阳光，温暖你我的世界;分享是雨露，滋润干涸的心田;分享是春风，拂去灵魂的尘埃。,源码站长站ymzzz.com
悲伤可以自行料理;而欢乐的滋味如果要充分体会，你就必须有人分享才行。,源码站长站ymzzz.com
分享是一道简单的公式，只要你解开了，便得到了成攻的喜悦。,源码站长站ymzzz.com
分享是一种博爱的心境，学会分享，就学会了生活。,源码站长站ymzzz.com
分享是一种神奇的东西，它使快乐增大，它使悲伤减小。,源码站长站ymzzz.com
分享是一种生活的信念，明白了分享的同时，明白了存在的意义。,源码站长站ymzzz.com
分享是一座天平，你给予他人多少，他人便回报你多少。,源码站长站ymzzz.com
饶人不是痴 过后得便宜,
没有足够的实力，只有一腔热血，能有什么用处？,
“小子，说正经的吧！人有这样的念头很正常，只要没有真的做出来就行。人和禽兽的区别，便在于人可以自制，能够压制心中的欲望。心中尽可以有乱七八糟的想法，可是只要不真的做出来，那便不必自责。”,
这是你死我活的战场，纵然你生得千娇百媚，那也不行,
不要养活着的 没有的话会伤心的,
死了就结束了 不要来难为活着的人,
即使认真做 有些事还是做不到啊,
天机不可知，你能看到的，我并不能看到，所以不用问我。,
对未来的真正慷慨，是把一切献给现在。,
无尽虚空，无双幻术，沉沦国度，永世沉沦,
“人死不能复生，我现在心中后悔，可是也是晚了！”,
随意臆猜，绝非人子之道。,
不要跟过去的自己比 期待未来的自己 还有 爱惜现在的自己,
时光终有一天会将我们分开，但是。。。即使如此，在那日降临之前，让我们一直在一起吧。。。,萤火の森
谁都说中二病很难为情，已经不想再回忆起，想要抹去。但是那时候奇怪的自己，真的会不见吗？妄想自己被谁监视着，设定自己的角色并演绎着那时候的自己。人有时会口吐妄言，梦想着会突然变化的世界，想象着遥远的未来，在大脑中描述这不存在的“大恋爱”。这是在人一生中永远重复着，无止境重复着，悲伤，害羞，惹人怜爱，自我意识过剩的“病”，称为自我的无可避免的行为。是的，人这一生都是有中二病的。,中二病也要谈恋爱
我们活在瞬间与永恒的缝隙间，有相逢，也有离别，在这个瞬息万变的世界中，每个人都拼命地生存著，我想其中一定存在著永不会改变的事物，就此改变也不会回来的事物，我想也一定存在吧。但是，我们依然明了於心，即使有些事情已经发生了转变，我们也一定能够重头来过。然后只要有著这份意志存在，我们每个人便能朝著前方迈进,加速世界
邂逅的， 是指向温柔的代价。 坠落的，是通向悲伤的迷宫。 焦虑的 ，是走向憎恨的思绪 。,寒蝉鸣泣之时
一直渡过的季节，就连道路旁盛开的花也渐渐变化了，那个季节所绽放的花的名字叫什么来着？小小的摸上去的话有一点点刺痛，花就算凋零了 只剩下淡淡的香味，也会向着太阳散发出香气。渐渐地那朵花的香味变也会变淡，我们也会长大成熟，不过呢，那朵花，一定会在某处继续绽放。是呢，我们会一直一直，实现那朵花的愿望,未闻花名
世间万物，如果一直放着不管的话，便一定会向不好的方向发展。就像即使如何的努力也无法阻止宇宙变冷一样。只是按照‘常理进行’不断积累而构筑出的世界，无论如何也无法脱离物理法则的束缚。,虚渊玄
知晓愤怒之人，同样知晓悲伤。,反叛的鲁鲁修
看，那天空的尽头，闪烁着我们的梦想。读，那历史的深处，埋葬着他们的无奈。走，这脚下的路，孤独而没有尽头。尝，这世间的苦，无奈却依然幸福。,
『邂逅的， 是指向温柔的代价。 坠落的，是通向悲伤的迷宫。 焦虑的 ，是走向憎恨的思绪 。』,寒蝉鸣泣之时
我们常常痛感生活的艰辛与沉重，无数次目睹了生命在各种重压下的扭曲与变形，“平凡”一时间成了人们最真切的渴望。但是，我们却在不经意间遗漏了另外一种恐惧—没有期待、无需付出的平静，其实是在消耗生命的活力与精神。,不能承受的生命之轻
我不想一个人活在冰冷的世界里，我不愿意再去认识另一个人，因为我知道，我不会遇到第二个你……如果这是一种折磨，那我愿意用一生的痛苦去换回一分钟的甜蜜！我，绝不后悔……,
与其抱有一丝希望而遭到背叛，还不如安静地沉浸在绝望中来得痛快 。,网络
为什么上帝看到思考的人会笑？那是因为人在思考，却又抓不住真理。因为人越思考，一个人的思想就越跟另一个人的思想相隔万里,小说的艺术
取少量学生放入试管，加入过量作业，生成学霸溶液和不溶于水的学渣。过滤，在学渣中加入过量浓试卷，学渣迅速溶解且产生气泡。学霸则无明显现象,网络
苹果是给那些为了爱选择死亡的人的奖励,回转企鹅罐
"真正纯粹的生命世界 被利己主义的规则所支配,人的善恶观无法干预其中",回转企鹅罐
逃避有两种：我们把有目的的逃避叫做飞翔，把没有目的的逃避叫做漂浮。,空之境界
鸣神の　少しとよみて　さし昙り　雨も降らんか　君を留めん,言の葉の庭
如果建筑工人像程序员写软件那样盖房子，那第一只飞来的啄木鸟就能毁掉人类文明。,Gerald Weinberg
这世界最有可能毁灭的方式——大多数专家都同意——是次意外。这就是为什么会有我们，我们是计算机专家，我们创造意外。,Nathaniel Borenstein
"“My name is Linus, and I am your God.”",Linus Benedict Torvalds
"“See, you not only have to be a good coder to create a system like Linux, you have to be a sneaky bastard too.”",Linus Benedict Torvalds
"“Some people have told me they don&#39;t think a fat penguin really embodies the grace of Linux, which just tells me they have never seen a angry penguin charging at them in excess of 100 mph.”",Linus Benedict Torvalds
"“When you say, ‘I wrote a program that crashed Windows,’ people just stare at you blankly and say, ‘Hey, I got those with the system, for free.’”",Linus Benedict Torvalds
你的电脑，我的权限；你的命运，由我做主。,Network
风声雪舞，冰心断情——弑爱,
不论生死，好坏，对错；只要载入史册那就代表胜利——历史由胜者书写,
神是存在的，因为我们就是神。,
巡游五角大楼，登录克里姆林宫，进出全球所有计算机系统， 摧跨全球金融秩序和重建新的世界格局，谁也阻挡不了我们的进攻， 我们才是未来世界的主宰。  　　——凯文·米特尼克,
现实与虚拟，就像人和影，无处不在。,
知道雪为什么是白色吗？因为它忘记了自己曾经的颜色,叛逆的鲁鲁修
“如果我不在了，你会怎样？” “我会去找你” “如果找不见呢？” “我会一直，一直，一直找下去”,人鱼森林
樱花花瓣飘落的速度是秒速5厘米 我要用什么样的速度，才能与你相遇。,秒速5厘米
这个世界上任何人都没有见过的东西，它很温柔非常甜美，大概 如果可以看见的话 谁都会想要的吧 正因为如此，世界才将它藏了起来，为了让人无法那么轻易地得到 但是总有一天会有人找到 应该得到的那个唯一的人 一定能把它找出来 就像这样 产生了羁绊,龙与虎
人都有两面，一面天使，一面恶魔。,
宁惹权势，不惹黑客。,
人总是被外表做迷惑，从事那么的卑微。,
为了胜利不择手段——极端者,
月之凄，夜之寂， 风之歌，雪之舞， 七情断，六欲殇， 伊人去，君心碎， 君之悟，悔已晚，  心自恨，身自虐， 君望月，思伊人， 缘分尽，君命尽， 君化星，守伊人， 轩之誓，天地鉴， 君已逝，谁思君， 君之墓，无人奠。    ——情殇,
信（しん）じるものがない人生は死（し）に等（ひと）しい。,超译百人一首 歌之恋
我，在遇见你之前一直都是死的。,反叛的鲁路修
能原谅女人的谎话的，才是男人。,山治——《海贼王》
要是喜欢一个人，就要连那个人脏的地方一起喜欢。,坂田银时——《银魂》
一定要保护自己的梦想，即使牺牲一切。,大崎娜娜——《NANA》
我不管这个世上的人怎么说我，我只想依照我的信念做事，绝不后悔，不管现在将来都一样！,罗罗亚·索隆——《海贼王》
活下去的意志是最强的力量！,绯村剑心——《浪客剑心》
梦总是有会醒来的时候，不会醒的梦总有一天会变成悲伤。,小满——《AIR》
不幸的人总是在创造比自己更不幸的人,露西·哈特菲利亚——《妖精的尾巴》
笑是对身边的事物感到一瞬间的幸福而表现出来的东西。,冈崎朋也——《CLANNAD》
从现在始有我在你身边，不会再让你孤单一人的，我绝不会放手。,须王环——《樱兰高校男公关部》
"连接遥远的过去与未来,我们为此而存在……",进藤光——《棋魂》
谁都…无法成为谁的替代。所以心痛，总是伴随着离别的人。,玖兰枢——《吸血鬼骑士》
"不能了解到彼此的痛楚,就无法亲身感受。",塞巴斯蒂安·米卡利斯——《黑执事》
假如你选择的是地狱的尽头，请让我与你一起堕落！,四月
"只要是活着的东西,即使是神也杀给你看!",两仪式
这世上没有奇迹，有的是偶然和必然，还有谁做了什么而已！,火村夕
请不要对我温柔……因为我无以回报……,宵风
哪里有你的地方，哪里就是我的家。,克罗诺
其实...根本就没有什么天堂和地狱吧....夜神月,
你的梦想就是我的梦想。,上杉达也
为了所爱的人，就连星星的轨迹我也要改变！,帝释天
无所谓好或不好，人生一场虚空大梦，韶华白首，不过转瞬。惟有天道恒在，往复循环，不曾更改,慕容紫英
痛苦可以成为两人间的某种牵绊。,我妻草灯
要想成为强者，就不要回避心理的恐惧！,盖聂
迷茫不仅会害了自己，甚至会害了自己想要守护的人。,相泽虹
不管夜晚多么黑暗，黎明总是会到来。,夏莉·菲内特
相见不如不见，有情还似无情。,重楼
孤独……一直孤独到进入坟墓……然后……人们将你遗忘……你将孤独遗忘……,明日香
世界上有些事，还，让它永远成为谜比较好。,黑羽快斗
"在这个世界里，只要灵魂不灭，就不会死。所以,只要心不认输，就不会输。",麻仓叶
如果爱，请深爱，千万不要松手； 若不爱，请放开，千万不要回头。,市丸银
我不会让任何人看到我软弱的一面。,桔梗
我告诉你，我也有我的禁忌，如果你敢那样做，不管用上任何手段，我都会杀了你。,藏马
政府用权势掩盖真相，我们用网络讲述事实。,
不是黑客、不是红客、更不是骇客、我只是她生命中的一个过客！,
天作死 不会死 人作死 绝对死,
海纳百川，有容乃大；壁立千仞，无欲则刚。,林则徐
"虚伪的眼泪会伤害别人,虚伪的笑容会伤害自己。",《反叛的鲁鲁修》
做不到的事情不要去做。,记录的地平线
以为大哭大闹一场就有人来安慰的家伙真是幸福呢。,龙与虎
我的枪，指哪打哪，但却无法打到你心中。,
違うよ。待たないで、……こっちから行くの,果青
男人将自己的梦想托付给男人，有什么错！,海贼王
知道人的眼睛为什么长在前面吗？那是因为如果想看到远处的风景的话，就只能向前前进。,天元突破グレンラガン
如果你成为铜墙铁壁挡在我面前的话，随时都会在你身上开个窟窿把你穿破，那就是我的钻头！！,天元突破グレンラガン
怀着对安居乐业的执着，痛苦着迎接这最后的时刻吧！,天元突破グレンラガン
挚友的执念烙印此身，无尽的黑暗化为光明，天上天下，一骑当神！,天元突破グレンラガン
现在的我们比起一分钟前的我们更为进化！,天元突破グレンラガン
倒下去的人们的愿望和从后面追赶上来的人们的希望，两个想法倾注在双重螺旋之上，钻出通向明天的道路！,天元突破グレンラガン
哪怕受困于因果轮回之中，往昔的思念也会打开通路。哪怕无限的宇宙挡在面前，滚烫的鲜血也会打破宿命。,天元突破グレンラガン
一旦离开了故乡，就不能输不能逃不能后悔。只面向前方不能回头，对谁都敢说不的男人气概。,天元突破グレンラガン
我那存在于宇宙尽头某处的仆人啊，既神圣又美丽而且强力的使魔，我从内心向你召唤，回应我的指引吧！,零之使魔
人们说当你遇上你的挚爱时，时间会暂停。真的是这样。但人们没有告诉你，当时针再度恢复转动，它会无比飞快，让人无法赶上。,Big Fish
无论你错得多有离谱都不能成为我无法拯救你的理由。,五河士道 in &lt;约会大作战&gt;
如果愿望是能看到流星，那应该向什么许愿呢？,神北小毬 in &lt;Little Busters!&gt;
用纸折的飞机，注定会坠落，但即便如此，乘上它翱翔蓝天，也不失为一种享受。,西园美鱼 in &lt;Little Buster!&gt;
所谓现实，“发生”的并非实体，而是现象。,广原月子 in &lt;3days&gt;
沉溺于觉悟就会成为傲慢。,鬼龙院皋月 in &lt;KILL LA KILL&gt;
并非只有人类穿着衣服，而是“穿着衣服的生物”变成了人类,美木杉爱九郎 in &lt;KILL LA KILL&gt;
这个世界绝对的正义只有一个，可爱就是正义！全部的欲求欲望和本能，皆源于对可爱的追求。,空 in &lt;NO GAME NO LIFE&gt;
恐怖就是自由，君临就是解放，矛盾就是真理，这就是这个世界的真实！,鬼龙院皋月 in &lt;KILL LA KILL&gt;
只是稍微换了件衣服，你以为就能赢我了么？,针目缝 in &lt;KILL LA KILL&gt;
正因为充斥着无法理解的东西，这个世界才美丽！,鬼龙院皋月 in &lt;KILL LA KILL&gt;
随便你耍什么花招，请尽情地丢人现眼吧！,吉普莉尔 in &lt;NO GAME NO LIFE&gt;
我需要去相信非凡的事情可能会发生。,&lt;美丽心灵&gt;
谎言将掩盖一切，但反之，这世上一切的谎言又皆可成为开启真实之门的钥匙。,&lt;Panty&Stocking&gt;
贪官要奸，清官要更奸。要不然，怎么对付的了那些坏人呢？,&lt;九品芝麻官&gt;
死亡了以后还能盛开的花是不存在于这个世界上的……,&lt;彼岸花盛开之夜&gt;
重要的是无论我们选择哪条路，都要担负起选择的责任。,花本修司 in &lt;蜂蜜与四叶草&gt;
人生究竟是为了什么而存在的？难道不是为了在关键的时刻，能够紧紧握住重要的人的手么？,竹本祐太 in &lt;蜂蜜与四叶草&gt;
身为骑士，打倒张牙舞爪之人实属平庸，让对方见识到令其不敢嚣张造次的实力差距才是最重要的。,斯雷因特洛耶特 in &lt;Aldnoah Zero&gt;
大义往往倾于强者，可憎的野狗已然化为恶狼。,巴鲁克鲁斯 in &lt;Aldnoah Zero&gt;
Nothing&#39;s more hateful than failing to protect the one you love.,Brienne of Tarth in &lt;Game of Thrones&gt;
遗憾的是我们生活在两条平行直线永远不会相交的世界里。,早川博士 in &lt;刺青杀人事件&gt; 赵建勋 译
"Well, if you are afraid of dying, it shows you have a life worth keeping.",Nicholars in &lt;The Last King of Scotland&gt;
赌上性命把事情搞得这么大的人在看到结果之前是不会死的。,松冈 in &lt;64&gt;
我每天都会对着镜子自问： “如果今天是我生命的最后一天，我还会做我今天打算做的事情吗？” 假如连续好几天都是否定的回答，那我就必须有所改变了。,乔布斯
在能够感受到疼痛的方向，一定会有出口。,&lt;电脑线圈&gt;
你可是我的敌人，一定得是我的敌人才行，那可是我们曾是朋友的证明啊！,&lt;冲击轰雷岩&gt;
这个故事里的英雄角色已经分配好了，那是给死人的角色，而你属于活人的世界。,杰克·灰狼 in &lt;群&gt;
对，你不是一个普通的变态，回想起来吧，你是继承了我的宿命的正义的变态！,&lt;变态假面&gt;
逃走并不是失败，死了才是真的输了，活下去，就是胜利。,&lt;革命機ヴァルヴレイヴ&gt;
不要把背后交给同伴，要强大到连自己的背后和同伴都能保护。,&lt;革命机ヴァルヴレイヴ&gt;
救人还要讲条件哪算得上是男人？,&lt;革命机ヴァルヴレイヴ&gt;
对于连最低限度的努力都不愿意的人，是没有资格羡慕有才能的人的,我的青春恋爱物语果然有问题
努力不会背叛自己，虽然有时会背叛梦想,我的青春恋爱物语果然有问题
啊 请每天早上都为我做味噌汤！,日本的求婚语言
什么东西能让一个团体团结起来？ 敌人。,我的青春恋爱物语果然有问题
就算不结婚有妹妹不就好了吗,我的青春恋爱物语果然有问题
已经没有什么好怕的了——巴麻美,魔法少女小圆
jojo！我不做人了——dio,jojo的奇妙冒险
为何你确信自己不会被杀呢，在你周围，明明就有这么多人。,戏言辞典
"一桶什么的, 最可爱了!~",
"千年受超, 万年受重!~",
Standing on the shoulders of giants.,
会犹豫要不要问的问题，那就是代表害怕会窥探到对方的内心。,星空的记忆
我只是知道我知道的,物语系列
最近困扰我的是小小的分别，总会带来一丝寂寞。短暂的相遇和分别那一分一秒的时间都让我想要无比珍惜。,夏目友人帐
如果人人都考一百分那这个世界还有意义吗？,暴漫QAQ
"叹飘渺，莫过春樱转瞬逝；怜世间,万千繁华始归尘。",《绯弹》
天才赢不了疯子,
想胜利，就前进；想退出，就放弃！但想胜利，却放弃.抱歉，没有这个选项.,《飚速宅男》
我所想的不是“可能会摔倒”，而是“说不定能冲过去”,《飚速宅男》
生物只有在被极端恶劣的情况逼迫的时候才会进化.,《飚速宅男》
时间可以治愈？如果时间也病了怎么办？,
曾经想过如果我被期待的话，也许我会努力吧？但这是错的，不努力，怎么会被期待呢？,《飚速宅男》
你就在前面等着我吧，我会乘风追上你的。,《元气团仔》
能生存下来的并非“最强者”，“最聪明者”也不是活到最后的料，唯一能生存下去的只有“改变者”,《esp》
隐约雷鸣，阴霾天空，即使天无雨，我亦留此地。,言叶之庭
"Let justice be done,though the heavens fall.",Aldnoah Zero
要是造物主真的存在的话，他一定把这个世界造的太大了，托他的福，卑微颤抖着的人类正为此苦恼着。星球如此之大，大到看不清人与人的距离，明明有着60亿人口，但每个人却是那么孤单，人们拼命地寻找着，与自己没有丝毫距离的，另一个人。,荒川爆笑团
在面对悲剧时 你可以愤怒可以指责可以猜测也可以去着手调查 但在你真正的结论出来之前  悲剧本身不需要在叙述第二遍,游戏杂谈
开启我心爱滴小耗子~,囧的呼唤
板砖在手，天下我有。,游戏解说-最后生还者
瞬间爆炸！,游戏解说
超过5分我当场吞翔！,囧的呼唤
小胖子溜边走~,囧的呼唤
小学生的心态就是：老子想看什么你就给我演什么，演好了老子开心，演不好老子就喷，敢提钱老子裱死你。,来自网络
你给我听好了…别忘记…相信你自己…不是相信‘相信着我’的你，也不是相信‘相信着你’的我，相信自己…相信‘相信自己’的自已吧！,天元突破-红莲篇
若隐若现才是艺术！,问题儿童来自异世界
人生没有什么会永远不失去的，可是有的人不相信，所以他们会不停的寻找，找一辈子。,
"不是要做一个单纯优秀的人,而是要做一个不可替代的人",
当你不能够再拥有的时候，你唯一可以做的就是令自己不要忘记,
有时候你习惯了我的某个样子，当我变成另外一个样子的时候，你会觉得我变了，不再是之前的我了。其实，那只是你还不够了解我罢了。,
凡事皆有代价，快乐的代价便是痛苦。,
『那双紧握不放的手⋯⋯抓住的是希望⋯⋯亦或是絕望⋯⋯』,动漫
『美好的人眼裡映出的世界也是美好的。』,ARIA
『用你的笑容去改变这个世界，别让这个世界改变了你的笑容。』,动漫
『神啊，可以请您挪开点么？您挡到我的阳光了……』,动漫
『要超越过去与悲伤，用坚强和笑容去开拓明天。』,游戏
『挡着在我们面前的是巨大庞然的人生，阻隔在我们中间的是广阔无际的时间，对于他们，我们无能为力⋯⋯』,动漫
『就算只有六十亿分之一的机会，我们还是会邂逅。』,动漫
『只有破碎的心才有伤人的棱角。』,网络
如果你是我该多好，那你就会知道我有多难过，多喜欢你,un know
(」・ω・)」うー！(／・ω・)／にゃー！,潜行吧奈亚子
梦+想=梦想，这个等式是不成立的。,原创
小白兔，白又白，两只耳朵竖起来。不跳不叫没AI，一动不动真可爱。,毒蛇@MCBBS
All work and no play is a cruddy way to spend your day.,alebcay/awesome-shell @ GitHub
我从未见过有如此厚颜无耻之人！,三国演义（电视剧）
两格高的花（牡丹，玫瑰丛，还有丁香）会被龙蛋压死，而一格高的花会反压死龙蛋。,Deing@MCBBS
世界是你们的，也是我们的，但是归根结底是你们的。,毛泽东
405 Method Not Allowed.,W3C Hypertext Transfer Protocol
304 Not Modified.,W3C Hypertext Transfer Protocol
410 Gone.,W3C Hypertext Transfer Protocol
"I&#39;m doing a (free) operating system (just a hobby, won&#39;t be big and professional like gnu) for 386(486) AT clones.",Linus Torvalds @ comp.os.minix
彼此相互推卸不幸是没有结果的。,凋零
历史虽然会一再重演，但人类却无法回到过去。,海贼王
你最无暇的时光是哪段，你又把它奉献给了谁？,来自B站某句弹幕
如果你愿意的话，让我带您去吧，这座小镇，愿望实现的地方⋯⋯,CLANNAD
为错误停驻是件可悲的事。,
明日が来なければいいのにな,ハウトゥー世界征服
"うん、消えてしまおう,私しか知らない。马鹿げた理由",小夜子
明天，不是你想要就能有的。,未闻花名
此时此刻一切都是静寂的，只剩下我与你的世界，这就是爱？,
我们擦身而过，是为了相识或者遗忘。,
一直注视着你，似近似远，总是触碰不到。,来自风平浪静的明天
是金子一定会发光，是银子一定会花光，是裙子一定会走光，是节操一定要丢光。,绝对萌域
比任何人都要了解自己，比任何人都要关爱自己。喜欢上这样的人，并没有什么奇怪的呢。,初音岛
再强的敌人在最后一集的主角面前也是渣渣。,
记得当时年纪小，你爱卖萌我爱笑。,
人生海海，一期一会。,
愿你在面对这个世界的恶意的时候，仍然记得，自己曾被这个世界温柔相待。,
你是不是也在品尝，一个人的咖啡和天光。,《如果有一天》-- 梁静茹
一个人有一个故事，别让你的故事留白。,Jack Daniels Whisky
ACG 第二定律：反派死于话多。,
偶尔捡到了神的人们， 竟然妄想由自身来取代神……最终获得的，却是没有生命的灵魂......,EVA
隐约雷鸣，阴霾天空，但盼风雨来，能留你在此。隐约雷鸣，阴霾天空，即使天无雨，我亦留此地。,万叶集
承君此诺，必守一生,仙剑奇侠传四
『廉价的自尊、粗劣的傲气，无论哪个后生小辈都很重视这些东西。』,rensheng
『人一生会遇到约2920万人，两个人相爱的概率是0.000049。所以你不爱我，我不怪你。』,秒速5cm
『就算一次也好，我想在这颗星球上尽情奔跑。』,人生
你看，那个人好像一只狗诶。,大话西游-大圣娶亲
纵使爱你那么深，最后都将跌入滚滚红尘。,
有权利开枪的，就只有那些有被射杀的觉悟的人!,反叛的鲁路修
"Darkness cannot drive out darkness; only light can do that. Hate cannot drive out hate; only love can do that.Your sin , I bear",kami.im
佛说：今生种种皆是前生因果。,
佛说：一切有为法，尽是因缘合和，缘起时起，缘尽还无，不外如是。,
佛说：万法缘生，皆系缘分！偶然的相遇，蓦然回首，注定了彼此的一生，只为了眼光交会的刹那。,
佛说：缘起即灭，缘生已空。,
佛说：修百世方可同舟渡，修千世方能共枕眠。前生五百次的凝眸，换今生一次的擦肩。,
佛说：世间万物皆空。唯其空，便能包容万物。,
佛说：凡事都是有定数的，不能强求。,
佛说：忘记并不等于从未存在，一切自在来源于选择，而不是刻意。不如放手，放下的越多，越觉得拥有的更多。,
佛说：握紧拳头，你的手里是空的；伸开手掌，你拥有全世界。,
佛说：菩提本无树，明镜亦无台。本来无一物，何处染尘埃。,
佛说：千灯万盏，不如心灯一盏。,
佛说：人就是苦，今生修来生。,
佛说：人有八苦，生苦，老苦，病苦，死苦，怨憎会苦，爱别离苦，求不得苦，五蕴炽盛苦。唯有身心放空，方能人离难，难离身，一切灾殃化为尘。,
佛说：这世间，人皆有欲，有欲故有求，求不得故生诸多烦恼，烦恼无以排遣故有心结，人就陷入“无明”状态中，从而造下种种惑业。,
佛说：放下红尘之事得人间大道！好淬炼舍利子得正菩提！浑忘世间一切烦恼。风声，雨声，一世的相思。涅磐，顿悟，一世的禅锋。,
佛说：万物皆无常，有生必有灭；不执著于生灭，心便能寂静不起念，而得到永恒的喜乐。,
佛说：地狱在哪里？地狱就在我们的身心里。,
佛说：一切皆流，无物永驻。,
佛说：与其说是别人让你痛苦，不如说是自己的修养不够。,
佛说：如果你不给自己烦恼，别人也永远不可能给你烦恼。全因你自心放不下啊。,
佛说：不宽恕众生，不原谅众生，是苦了你自己。,
佛说：根本不必回头去看咒骂你的人是谁？如果有一条疯狗咬你一口，难道你也要趴下去反咬他一口吗？,
佛说：忌妒别人，不会给自己增加任何的好处。忌妒别人，也不可能减少别人的成就。,
佛说：请你用慈悲与温和的态度，把你的不满与委屈说出来，这样别人更容易接受。,
佛说：由爱故生忧，由爱故生怖，若离于爱者，无忧亦无怖。,
佛说：万法缘生，皆系缘分！,
佛说：同样的瓶子，你为什么要装满毒药？同样的内心，你为什么要装满烦恼？,
佛说：人生的真理，只是藏在平淡无味之中。,
佛说：轮回中，心若一动，便已千年。,
佛说：创造机会的人是勇者，等待机会的人是愚者。,
佛说：能说不能行，不是真智慧。,
佛说：多用心去倾听别人怎么说，不要急着表达你自己的看法。,
佛说：修行要有耐性，要能甘于淡泊，乐于寂寞。,
佛说：欲知世上刀兵劫，但听屠门夜半声。不要光埋怨自己多病、灾祸横生，多看看横死在你手里的众生又有多少？,
佛说：随缘不是得过且过，因循苟且，而是尽人事听天命。,
佛说：用伤害别人的手段来掩饰自己缺点的人，是可耻的。,
佛说：在你贫穷的时候，那你就用身体去布施。比如扫地、洒水、搬东西等，这也是一种布施。,
佛说：默默的关怀与祝福别人，那是一种无形的布施。,
佛说：逆境是成长必经的过程，能勇于接受逆境的人，生命就会日渐的茁壮。,
佛说：对人恭敬，就是在庄严你自己。,
佛说：仇恨永远不能化解仇恨，只有慈悲才能化解仇恨，这是永恒的真理。,
佛说：当你的错误显露时，不要发脾气抱怨他人。不要以为任性或吵闹，就可以隐藏或克服你的缺点。,
佛说：不要常常觉得自己很不幸，世界上比你痛苦的人多的是。,
佛说：愚痴的人努力让别人了解他，智慧的人努力让自己了解自己。,
佛说：只有面对现实，你才能超越现实。,
佛说：良心是每一个人最公正的审判官，你骗得了别人，却永远骗不了你自己。,
佛说：人生有八苦，生、老、病、死、爱别离、怨长久、求不得、放不下。,
佛说：命由己造，相由心生，世间万物皆是化相。心不动、万物皆不动，心不变、万物皆不变。,
佛说：坐亦禅，行亦禅，一花一世界，一叶一如来，春来花自青，秋至叶飘零，无穷般若心自在，语默动静体自然。,
佛说：不可说，不可说，一说即是错。,
佛说：色不异空，空不异色；色即是空，空即是色。受想行识，亦复如是。,
佛说：我不入地狱，谁入地狱。,
佛说：救人一命，胜造七级浮屠。,
佛说：人无善恶，善恶存乎尔心。,
佛说：睹人施道，助之欢善，得福甚大。,
佛说：大悲无泪，大悟无言，大笑无声。,
佛说：一念愚即般若绝，一念智即般若生。,
佛说：苦海无涯，回头是岸。放下屠刀，立地成佛。,
佛说：多一分心力去注意别人，就少一分心力反省自己，你懂吗？,
佛说：不要因为小小的争执，远离了你的至亲好友；也不要因为小小的怨恨，忘记了别人的大恩大德。,
佛说：站在他人的角度为他人着想，这个就是慈悲他人。,
给，一辈子朋友劵。,日常
我的愿望是—幸福地活着，幸福地死去。,神不在的星期天
我在人生的道路上迷失了。,火影忍者
也许我们都没有长大，只是世界变小了。,
只要有你，我便无所不能。,进击的巨人
既不回头，何必不忘；既然无缘，何必誓言；今日种种，似水无痕。,仙剑奇侠传
选择道路的时候怎么犹豫都没有关系，但决定之后就一定要坚持到底！,青之驱魔师
即使从梦中醒来，还会有回忆留下。,AIR
透过孩子的眼神，让我相信这个世界上还有着纯真。,宫崎骏
窃人者，自失其宝。,假面骑士kabuto
有太多人，看到好处才付出，他们不知道，大部分事情都是付出了才会看到好处。,
我喜欢你，对君之爱，胜于世上万千，思君之意，亘古如斯，唯有这份心意不会输给任何人，纵使此身魂去魄散，消失尘散于世间，若有来生，我心依旧。,我的妹妹不可能那么可爱
人没有回忆是无法活下去的，但是只有回忆却也是无法活下去的，因为梦终有一天会醒的，醒不过来的梦，终有一天会变成悲哀。,AIR
万书皆下品，唯有萌最高！,
天下哪有真情在？只要够萌咱都爱！,魔王丨丶Sama灬
到底该怎么做，你才会重新喜欢我呢？,秋之回忆
因为我喜欢你，喜欢得想吃掉你啊！,有顶天家族
那种没有失去什么就无法得到，没有愤怒就没有快乐。没有因，就没有果。 　　战斗不要理由吗？ 　　有信念的人与无信念的人战斗是不一样的。,
「我不会活在未来、也不会活在过去、不会活在今天。只活在自己的心里……」,
‘在我们的世界中没有什么意义 　　生存于这个世界的我们同样不含意义 　　无意义的我们思索这个世界 　　甚至连知晓此处没有意义都没有任何意义……’,
我不渴望什么在别的城市迎来的春天，只要和你在一起的春天就好，只要和你在一起就好⋯⋯,CLANNAD
一个人走在路上，形单影只/回首望去，大家都留在远方/回过头来继续前行，这便是所谓坚强,AngelBeats
错，或落弱莫,拔魔
每个凉宫都会遇到属于她的John Smith。,
泽国江山入战图，生民何计乐樵苏。 凭君莫话封侯事，一将功成万骨枯。,
全世界程序员联合起来！,
小电视之后看见白屏也许是被360娘杀掉了呢⊙ω⊙,BIPC
舔屏幕会导致屏幕进水。。。啊！屏幕有毒！！Σ(っ °Д °;)っ,BIPC
如果看见白屏上面有一个照片的小标记，看看是不是没安装Flash IE插件,BIPC
小水管网络可能解析时间稍长一点的说 (/ω＼),BIPC
时间就是一个饥饿的怪物，稍有不慎便会被它吃掉。,原创
其他,网络
有时候读一本好书就像念一首优美的诗。,自己
目前我的状态是  等待神的救济,
我做的每一件事对世界所造成的影响都要为我的欲望工作。,
忘记一个人，并非不再想起，而是偶尔想起，心中却不再有波澜。,九ちのセカィ
他人即地狱,
和我定下契约，成为魔法少女吧！,魔法少女小圆
扎古不论怎么化妆都不可能变成高达的。,银魂
临时抱佛脚，神也会放弃,我的青春恋爱物语果然有问题
与君初相识，犹如故人归,
爱而不淫，哀而不伤，怨而不怒，适时沉默，温柔有度，一言以蔽之：分寸。,
情书是爱的刺青，刺在回忆深处的心动瞬间。,
你若盛开，清风自来。,
如果我不会飞，那我就只是一只普通的猪。,红猪
观察铅笔和橡皮，哪个是攻哪个是受，请写出它们晚上的对话。,学生会的一己之见
拿着刀并且可以让人们变得幸福的只有料理人。,假面骑士kabuto
有思念你的人所在的地方，就是你的归处。,火影忍者
"The world isn’t beautiful, therefore it is. 世界并不完美,却因此美丽。",奇诺之旅／the beautiful world
Your future depends on your dreams. So go to sleep.（你的未来取决于你的梦想，所以赶快去睡觉吧）,加菲猫
有一种孤独是：  与志同道合的人定下目标，没皮没脸地往前冲，等到离光明不远的时候，你扭头一看，却发现志同道合的人已经不见了。,纵有疾风来 人生不言弃／刘同
人与人之间的关系一开始都很简单，只是相识之后，才会随着时间与相知而变得越来越复杂。,纵有疾风来 人生不言弃／刘同
我从没被谁知道，所以也也没被谁忘记。在别人的回忆中生活，并不是我的目的,早发的种子／顾城
走着走着，就散了，回忆都淡了；看着看着，就倦了，星光也暗了；听着听着，就厌了 ，开始埋怨了；回头发现，你不见了，突然我乱了。,走着走着就散了，回忆都淡了／慕容雪村
一个笑就击败了一辈子，一滴泪就还清了一个人。一人花开，一人花落，这些年从头到尾，无人问询。,何以笙箫默／顾漫
每当生活欺骗了你、侮辱了你、嘲笑了你，不要悲伤、不要绝望，后面还有更苦逼的日子等着你。,新闻滑翔vol.112--2015／02／09
每一个你讨厌的现在，都有一个不够努力的曾经。,～
走路太骚必摔跤，得瑟过劲会闪腰。,～
放手如拔牙。牙被拔掉的那一刻，你会觉得解脱。但舌头总会不由自主地往那个空空的牙洞里舔，一天数次。不痛了不代表你能完全无视，留下的那个空缺永远都在，偶尔甚至会异常挂念。适应是需要时间的，但牙总是要拔，因为太痛，所以终归还是要放手，随它去。,～
心眼多了，你的朋友也就少了；心眼少了，玩你的人也就多了！这就是现实。别去试人心，它会让你失望。有些事知道了就好，不必多说；做好自己该做的，有爱或无爱，都安然对待。谁好谁坏，心里知道就好。,～
我们总是想要在逆境中寻找发泄的地方，让别人知道都发生了什么，体现自己的处境有多么悲惨！,新闻滑翔vol.136
我不难过,小普
离开就是你以为你会回来，却再也回不去。,小普
没有陌生的你，只有熟悉的你。,fourmm
在我年轻的时候，不知道什么是恐惧，可偏偏是你的温柔，让我害怕。,东京爱情故事
起风了，唯有努力生存。,起风了
败者死于绝望，胜者死于渴望。,戏言系列
今天的风儿有些喧嚣啊。,男子高中生的日常
无论时光如何变换，世界依旧美丽。,原创
这寡独的黄昏，幕着雾与雨， 我在我的心的孤寂里，感觉到它的叹息。,飞鸟集
若失恋无可避免的话，也能让人成长。,
（根据相关法律法规，相关内容已被屏蔽。）,（根据相关法律法规，相关内容已被屏蔽。）
作业写完咯！,潘瑞林
我一边改作业一边上课 —— 看我的水平。,郭老师
月亮在手指的方向，但不在手上。,郭老师
同窗殊途，君归何处？,郭老师
你是个什么样的人，在于你每天重复做什么事。,郭老师
Do have faith in what you&#39;re doing.,Jonathan
什么叫做修饰词的顺序？记住这句话：这是郭老师的三吨金灿灿的黄金！,郭老师
人生中没有彩排。,郭老师
吃牛肉面 —— 是一种极强的荣誉，是一种赞许和尊重。,郭老师
"设 XYZ 的 AB 为 x, CDE 的 AB 为 y, 则...",毛宇成
** 技术哪家强？ 中国山东找蓝翔！,周文泉
我们应准确地给自己进行角色定位。什么是角色定位？就是问自己：我能做什么事？我还能做什么事？我尽力了吗？,郭老师
这个班级是大家的班级，是四十五个家庭的班级。,郭老师
有朝一日你会被打成你的原型。,郭老师
每一个人都应该明确自己的方向和位置。,郭老师
不要抱怨，不埋怨，不放弃。,郭老师
我是一个热爱生活的人。,郭老师
有一些情感，没办法辜负它。,郭老师
不能因为你的成绩在九十分以上就掩盖自己的不足。,郭老师
我对我这个班级应该是饱含感情的。,郭老师
人一定要有五样东西： 扬在脸上的自信、长在心底的善良、融进血里的骨气、两侧外泄的霸气、刻进命里的坚强。,郭老师
向我们的父亲致敬。,郭老师
我是要成为海贼王的男人,海贼王
我们无法回到过去，前进的方向，只有未来。,原创
思念是帆，风是这桅杆，承载着彼此的心，不知何处是岸。,
若挥袖作别，流云万千，可有人千万流连。 若今昔一别，一别永年，苍山负雪，浮生尽歇。,浮生未歇
"自己选择的路,就算跪着也要走完。",
只有思考过的代码，才是能AC的代码。,
while(!Success)Try();,
这是一条孤独的路，你们不懂,
没有人能阻止我前进的步伐，除了我自己！,
当一个人疲惫到一定程度的时候会出现幻觉，心坏了但是自己却并没有察觉..,IB
两个人一定要一起出去，这是约定好的。,IB
画的世界，进入几个人，就只能离开几个人…,IB
很喜欢的三个字是放宽心，当心可以容纳整个世界了一切就变的简单多了。,Lincy
用我的青春做赌注，我怎么舍得去输。,
我是一个多疑的人，而你确给不了我期望的信任。,
落了的花，凉了的茶，走了的她....,WNJXYK
很多时候，咨询的人心里已经有了答案，来咨询只是想确认自己的决定是对的。,东野贵吾
"Choose , and choose wisely . Or others shall choose for you .",夜魔侠
以勤为剑，斩八方荆棘；以毅为盾，绝魑魅魍魉！,原创
不逆 不耻 不憾,舰队Collection
有时否认，只是因为相信你能做的更好！,原创
正因生来一无所有，因此我们能拥有一切。,游戏人生
枯燥的太阳因你而变的温暖，脆弱的心灵因你而变的坚强。,原创
每天回家就是打游戏。说要实现梦想，你有行动过吗？,倒塌的积木/顾颖
有时名为“无知”的力量，是可以超越一切的。,原创
我就是我的作品,刀刀
不尝试突破，就永远不知道自己多强大。,网络
感谢那些给过我帮助的人。,小渔
你们的好，我看在眼里放在心里。,小渔
爱，就疯狂。两个人撑起所有梦想。 不爱，就坚强。一个人扛下所有的伤。,小渔
"每走一段路回头看看前方,你会发现,拥有的不只是那些悲伤,.",小渔
在你感觉最漫长的岁月，可能是你最美好的岁月。,小鱼
低迷时别忘了微笑。痛苦后要继续前行。,
"心若没有栖息的地方,.到那里都是流浪~",
炎炎夏季，暴雨连连，心如荒漠，人如飘絮，形如枯槁，骨如细柴。,
"世途茫于鸟道.,人情浮比鱼蛮..!",
牵挂太多只会迷失自我！,
乔巴，一个男人，有时候是不能逃避战斗的，尤其是当伙伴的梦想被人嘲笑的时候。,海贼王
世界上总有一些2b，就像雷霆和っ塟神 ° ∝囬憶,QQ群
人类并不是那么会改变，可是时间却一点一点的流逝。,昨日之歌
别低头，王冠会掉。别流泪，贱人会笑。,报告老板
不管你说再多的慌，只有自己的内心，是无法欺骗的啊。,七大罪
这世上所有的不利状况，都是当事者的能力不足导致的。,东京吃货
来，让叔叔检查一下身体。,功夫
一支穿云箭，千军万马来相见。,功夫/魔弹之王与战姬
不记得了也好，忘却也是一种幸福。,功夫
能力越大，责任就越大，你避不了的。,功夫
世界は恋に落ちている。,青春之旅OP（我的世界已坠入爱河）
微风摇曳着窗帘，夕阳斜射入教室，在那里鼓起勇气告白的少年。即使现在也能清晰地回想起她的声音「当朋友，不行吗？」,果然我的青春恋爱喜剧搞错了
用我的左手将你那个不可理喻的幻想粉碎掉！,魔法禁书目录
胸部越大越好，那里充满着希望和梦想,ISUCA依丝卡
沒有永远下不停的雨。,秋之回憶
如果能够重生的话，我想，我想成为水母。想成为只是在海里自由地摇摇摆摆的水母。,海月姬
活着就是为了改变世界。,Apple
既然我无法停留，那么就飞到我再也不能飞的那一天吧。,
什么都不考虑就能做到的人是天才，再考虑好之后不断进行努力的家伙也能够成为天才。,灰色的乐园
只要不把问题当成问题，就不是个问题,我的青春恋爱物语肯定有问题
假设能像游戏一样，回到上一个游戏存档点重新做选择的话，人生会发生改变吗？答案是否定的。,我的青春恋爱物语果然有问题
那么，司为什么要微笑呢？可能，是因为悲伤吧。,可塑性记忆
生存的意义是临死时才会领悟的东西。,灰色的乐园
今天你最后遇见的那个人有在微笑吗？,幸运星
纵使人生充斥着伪善，我也坚持要当正义的伙伴。,Fate/stay night
若没有可依靠之处，便也找不到自己的归宿，躲躲藏藏随波逐流，依附于某物，却又一头撞在看不见的墙壁上。,我的青春恋爱物语果然有问题
愿你能和重要的人，有一天能够再次相遇。,可塑性记忆
即使声音不同，样貌不同，但是温柔的感觉却是相同的。,乱步奇谭
我是只有在海中才能存活的鱼，所以才会拼命练习游泳，你明明是个猎豹却不去练习奔跑，整天想着上天下海，所以才会一个猎物都抓不到。,没有黄段子的无聊世界
人类也是这样的吧，被设计成会喜欢上别人，所以人会爱上其他人，不对吗? 我认为这是正义。,超人幻想
所谓的强大，其实只是忍耐罢了，是一种不断给自己的心灵积蓄压力的行为，所以人的心灵，在到达极限之前，肯定会发出悲鸣。愤怒、悲伤、焦躁……有很多种形式。,落第骑士英雄谭
哭泣不是因为软弱，忍耐不是因为坚强,灰与幻想的格林姆迦尔
“世上能用玲的性命交换的东西，根本就不存在”,犬夜叉
错的不是我，是这个世界,东京喰种
No zuo no die,自己
别因为那岁月匆匆而过就忘了我们是朋友,朋友的心
我一定会回来的！,喜羊羊与灰太狼
越是试着忘记，越是记得深刻。,天空之城
更多探险等你来,海贼王
我叫路飞 是要成为海贼王的男人,海贼王
女帝不是我媳妇,海贼王
肉 ！肉 ！我要吃肉！,海贼王
有一个捉迷藏社团，他们团长现在还没找到。,冷笑话
"有一个面包,走着走着肚饿了,于是就把自己吃了",冷笑话
有一位大侠，他的剑很冷，手很冷，心也冷，所以Ta冻死了！,冷笑话
有一种缘分叫一见钟情， 有一种感觉叫曾经拥有， 有一种结局叫命中注定， 有一种心痛叫绵绵无期。,
我一拳把你捣个对过通,徐海林
劈掉喂狗,Q
如果你认为当前电路不是通路 增大电压,XTY
有点谐有点谐。,F91
奈斯放狗,F91
干死黄旭东，白球能冲锋，巨像闪现又对空！,???
年轻时，我们曾相爱却浑然不知。,叶芝
說時依舊 有淚如傾,三毛
sometimes it is the people who no one imagines anything of who do the things that no one can imagine.,The imitation game
你在我身边也好，在天边也罢，想到世界的角落有一个你，觉得整个世界也变得温柔安定了。,琦殿
遗憾我当时年纪不可亲手拥抱你欣赏,林夕
于千万人之中，遇见你所遇见的人。于千万年之中，时间无涯的荒野里，没有早一步，也没有晚一步，刚巧赶上了，那也没有别的话可说，惟有轻轻地问一声：哦，你也在这里吗？,张爱玲
The world is so immense that there must be a you. The world is so immense that I might never run into you.,胖妮
我爱你，不光因为你的样子，还因为，和你在一起时，我的样子。,罗伊·克利夫特
但是 像我们这些没有宗教信仰的人 不就是靠被喜欢的人喜欢而活下来的么,安东尼
Don&#39;t criticize what you do not understand.,terry
愿你被这世界以温柔相待,飞机王
不敢和优秀的人有交情因为不知道自己可以拿什么来换,朱七七
你有这样一个好同学都不知道 我想你是傻瓜吧,terry
想知道我们认识了多久 扫一扫我们的偶像剧就知道了,pxy
不理几点钟 街头狂怒叫 要踢穿玻璃樽与规则的空洞,koo
男人至死都是少年,terry
人啊，只要听到别人说一句“你已经做得很好了”，就会放下所有的愤怒与不甘，内心变得温暖而又柔软。,ruanyy
爱的是你，最爱的还是你。,日常
十年过去了，时间没长大，我却变了。,日常
我们还是青年人，但已经不年轻了。,Sunmo
时间的长度，在于爱的长度,Sunmo
世界上没有偶然，有的只是必然。,XXXHolic
世界因你而转动……,只有神知道的世界
不约，不约，叔叔我们不约~,
世界上没有一个人能代替另一个人。,人型电脑天使心
有时语言就像把利刃，使用不当，就会成为凶器。,名侦探柯南
我以前和你一样是个冒险家，直到有一天我的膝盖中了一箭。,上古卷轴5
吉姆，你真是个好人。,星际争霸2自由之翼
故事的开头总是这样，适逢其会，猝不及防；故事的结局总是这样，花开两朵，天各一方。,从你的全世界路过
故事写在纸上总有一个结局，故事写在心里却是无人知道的结局。,网络
我们就像两条笔直的平行线，按照彼此的轨迹，突然出现，接着渐行渐远。,原创
当你远远凝视深渊时，深渊也在凝视你。,《心理测量者》，原句来自尼采
笛卡尔说过，无法下决定的人，要么是欲望太大，要么是悟性不足。,槙岛圣护，心理测量者
人在直面恐惧的时候，自身的灵魂将会受到考验。降生于这世界，究竟有何所求，要成何事，其本性会暴露无遗。,槙岛圣护
终于放弃了虚伪的正义，手握真正的杀意了吗？,
"我夸耀的不是孤独,而是把孤独作为武器的你。",
向这污秽不堪丑陋不堪的世界中所相遇的奇迹致谢。,岩泽麻美，Angel Beats
在我所不知道的世界里，你无拘无束，笑靥如花,真实之泪
花朵在绽放前无法预知自己的色彩,花开伊吕波
爆裂吧，现实！粉碎吧，精神！Banishiment       this world！,中二病也要谈恋爱
此魂、此剑一同，永远为您献上！,圣剑使的禁咒咏唱
刻意保持距离的人是你，虚拟世界里的区区两公尺，对你来说就真的如此遥不可及?,加速世界
没办法爱所有人，算什么男主角。,欢迎光临美少女游戏世界
果然就凭我无法成为那个什么事情都能自己一个人解决掉的男主角，但是只要她们在我身边的话，总觉得自己什么事情都能做得到。,欢迎光临美少女游戏世界
我们最为喜欢的事情之一就是对自认为站在绝对有利位置上的对手断然地以一句‘NO’来拒绝！,游戏人生
无论你在哪里，就算我看不见你，我也会一直注视着你,妖精的尾巴
痛苦的时候，悲伤的时候，我都会在你身边，你绝对不是独自一人，在空中闪耀的群星就是希望的数量，吹拂过肌肤的清风就是明日的预感，来，踏出一步吧，伴随着**唱出的节拍。,妖精的尾吧
再自信的人都会觉得自己还不够好,网络
盯着书看了三个小时，一个字都没看进去。,网络
与君初相识，犹如故人归。,网络
你让我好慌张。,网络
余生请你指教。,网络
Yesterday you said tomorrow.,网络
如果你是异性，会不会爱上现在的自己？,网络
你配得上自己想要的生活吗？,网络
最可怕的是比你聪明的人居然还比你努力！,网络
人一切的痛苦，本质上都是对自己的无能的愤怒。,网络
我努力的目的就是想让我妈妈给自己买东西的时候能像给我买东西的时候一样干脆。,网络
我们开始一起攀登，这长长的，长长的坡道,Clannad
你们的理想，交给我来守护吧！,那年那兔那些事
清风证明，你纯洁无暇。白云证明，你纯洁无暇。,异人傲世录
像平常的你一样引发奇迹吧,魔法少女小圆
我从小就害怕虫子』,小小闲
谎言不一定是谎言，被发现的，才算是谎言。,秋之回忆
事出总是突然的，而理由则是后来加上去的。,火影忍者
因为有亲情的牵绊，一旦失去就会痛。,火影忍者
这一次，这两个人都由我来拯救！,火影忍者
对不起，鸣人，要让你稍微等我一阵了，下一次，我一定不会拖后腿的。,火影忍者
原谅我，佐助，这是最后一次了。,火影忍者
木叶的莲花会再次绽放！,火影忍者
正义必胜吗？当然，胜利的就是正义。,海贼王
要是在力量底下屈服，那我身为男人还有什么意义。我绝对不会让我的人生留下后悔。,海贼王
路飞，为了你，我要成为最强的怪物。,海贼王
人的梦想，永远不会结束！,海贼王
我的船下没有手下，只有伙伴。,海贼王
我不会去统治这片大海，在这片大海上，最自由的人就是海贼王！,海贼王
我有个野心，就是要成为世界第一的剑客！,海贼王
这顶帽子是我最珍贵的东西，我把它交给你，将来你一定要还给我，当你成为了不起的海贼的时候。,海贼王
我想活下去  你懂的,网络
不能吃太胖哦，会被杀掉的,千与千寻
没必要的事不做 必要的事尽快做,冰菓
尽管如此 我可以呆在你身边吗？,猎人
你傻啊 别把二次元和三次元相提并论,我的妹妹不可能这么Ow&lt;~☆
人只有忘记回忆才能活下去,EVA
然而，身长大了心却一直停留在原地,火影忍者
不过……自身的渺小，不是停止追寻伟大的借口,
只有懦弱和失败者才会四处寻找借口,
就算痛哭流涕，我也要继续攀山，这才是人生的乐趣所在啊。,
不相信自己的人，连努力的价值都没有,
我把我的人生给你一半，你的人生也给我一半吧！,
把剑放下，成为本王的妻子吧！,
我曾经把你当过自慰对象,
喜欢就去说啊，丢一下脸又不会死！！——不过多一张好人卡而已,
(눈_눈),进击的巨人
无法逃避的是自我，而无法挽回的是过去。,机动战士高达
这首曲子叫做卡农，帕赫贝尔的卡农。不断地重复着同样的旋律，渐渐丰富的和弦，形成美丽的呼应。如同这首曲子一样，过着乍看是不断重复的相同日子，但如果能逐渐有所改变的话，就好了呢。,kanon
"I am a slow walker, but I never walk backwards.",有道学堂
一生这么短，不如做点有趣的事。,技术宅-i技术
左耳和无木栋，两土旁站个人，人旁无草苇丛，此人心机难测。,寒光博客
我们留恋过去并不是因为它美丽，而是里面浸满了欢乐的回忆。,魔方格
做出一副温柔的样子来折磨人不是更令人难受吗？,我的青春恋爱物语果然有问题
他感觉到这座城市的压力了，在这座城市里他渺小得跟尘埃似的  。,龙族
只要还有人等你，只要还有人跟你在一起，无论天涯海角你都不是野狗，保持着家犬的幸福感。,龙族
夕阳如海潮般涌入她的视野，巨大的日轮已经触及了海面，数千万吨海水在她脚下缓缓地荡漾，潮水在黑色的山崖下碎成白色的水花。 风吹着数万公顷的森林，傍晚的树林远看也像海，苍红色的大海，成千上万的树梢随风摇曳，组成层层叠叠的波涛。小城小镇沿着曲折的海岸线分布,龙族
最后留在记忆深处的总是些虚无缥渺的东西，就像你记住一个人往往不是因为她的美，很多年后你连她的样子都忘记了，可偶然在人流如织的街头闻到她惯用的香水味，你在惊悚中下意识地回过头去，却只看见万千过客的背影。 你这才想起即便刚才和你擦肩而过的确实是她，即便你跟她面面相对，你也未必能认出她今天的样子了。,龙族
可现实不容他是否接受，现实就是现实，那么沉默那么庄严地存在着。,龙族
两种枪声都显得有些孤独，倒像是男低音和女中音在旷野上合唱一首歌曲。,龙族
魔鬼是杀不掉的，魔鬼在我们每个人心里。,龙族
可是人总是不能回头的，也没什么可后悔的，回想那时候一个少年和一个中年人，             大家都以男人的身份相遇，也是值得举杯缅怀的。,龙族
所谓觉悟，就是经历时间和考验也不会坍塌的意志。,龙族
那种躲躲闪闪的眼神，眼底里却藏着狮子。,龙族
原来死是这么一回事，事到如今什么都不重要了，只是遗憾没有更多的时间说几句话。,龙族
美如空山樱落，皓月当空,龙族
回首看向大海的方向，天空仍是漆黑一片，海中却像是流淌着一条银河，这一幕仿佛天地倒悬。美得令人窒息。,龙族
我是个梦想者，深藏着力量。,百变小樱
知我者，谓我心忧，不知我者，谓我何求。,诗经
May the Force be with you,星球大战
关于自己的生活，我和你都不是读者，而是作者。至少结局，还是能自己说了算的。,银魂
"与其想着怎么美丽地牺牲,倒不如想着怎么漂亮地活到最后一刻。",银魂
el psy congroo,命运石之门
友好的游戏环境是一个基于地理位置的游戏发展的根基，所以说一桶一定是Baka！,
炸炸炸！渣渣们！拿起手中的手机，用XMP炸毁这个世界吧！,
背锅技术哪家强？快到西安找一桶！不要8888888更不要88888888888。,
1+1=2！,
喵！喵喵！喵喵喵！！！,
如果现在是早晨，那么早安；如果现在是中午，那么午安；如果现在是下午，那么快去睡觉；如果你已经上了床，弱弱的问一句，约吗？,
如果幸福有形状，该是什么样的呢？它就像玻璃，因为平时察觉不到它的存在，而它却时时在我们身边，最有力的证据就是，只要换一个角度，它就会折射出耀眼的光芒，比谁都过分强调自我的存在。,反叛的鲁鲁修
我觉得你比我幸福。因为你可以选择爱我或不爱我，而我只能选择爱你或更爱你。,school days
人只会看到自己想看见的东西，只相信自己的希望相信的东西。,X
我从来都不是什么天才，只是一个普通人，是一个连一个小女孩都保护不了的普通的、渺小的人类啊。,钢之炼金术师
我做不到的由你来，你做不到的由我来！,海贼王
在战争中平等的就只有痛苦而已。,驱魔少年
是男人的话 没有做的到和做不到 只有做与不做。,棒球大联盟
在走廊里摔倒会流鼻血在人生中摔倒会流眼泪。,龙与虎
尽可能预想所有残酷的可能性、因为现实永远让你无法预警，而且又吝于给人慈悲。,全职猎人
虚伪的泪，会伤害别人，虚伪的笑，会伤害自己……,反叛的鲁鲁修
如果你是魔女，我只要化身魔王就可以了。,反叛的鲁鲁修
人如果不付出牺牲就无法得到任何东西，如果要得到什么，就要付出同等的代价，这就是等价交换的原则。,钢之炼金术师
人类总是将世界缩小在自己浅薄的知识范围之内，总是把超越自己理解能力的事物当成威胁自己立场的敌人来对待，非得排斥、驱除、抹杀不可……可是对于同种族的生物，又以肤色、出身来划分阶级贵贱，相互憎恨，相互残杀。,恐怖宠物店
人的一生会遭遇各种各样的事，其中有令人难以置信的事，也有不讲道理的事，但这就是生活。,地狱少女
早苗说了，世界上能哭的地方只有两个，一个是厕所，一个是爸爸的怀里。,clannad AS
只要活着，不管多痛苦，都会有好事发生。,NANA
美丽的不是这个世界，而是接受了这个世界的你的眼神。,吸血鬼骑士
不管是怎样的心情，都是你所感觉到的你自己的心情，所以要是你对其做出肯定的话，那它就是正确的。所谓何为对何为错，每个人的标准都是不同的，幸福也是如此。,XXXHOLIC
痛苦，是保持清醒的最好方式。,秦时明月
从我学会奔跑的那一刻起，我就一直在奔跑，我不敢回头。怕回头看见的，是你眼角的失望。,秦时明月
隐约雷鸣 阴霾天空 但盼风雨来 能留你在此 / 隐约雷鸣 阴霾天空 即使天无雨 我亦留此地,言叶之庭
就算不知明天会变得如何也无所谓，我们是为了活在当下而全力以赴。,妖精的尾巴
一个人的死，对于这个世界来说不过是多了一座坟墓，但对于相依为命的人来说、却是整个世界都被坟墓掩埋。,海贼王
遇到迷茫时，任何人都会变得软弱。 一旦坚信自己可以帮到别人，他们就会变得很强大。,海贼王
为什么遇到如此强大的敌人你也不愿逃跑？—— 那是因为身后，有至爱之人。,海贼王
要是我死了的话，那也只能说明我就是这种程度的男人罢了。,海贼王
永远也不要忘记能够笑的坚强。,海贼王
听着……乔巴，男子汉，即……即使……遇……到可能会杀死自己的强敌……也，也不能倒下。就算对方是……死也赢不了的敌人……男人……有时候是绝对不能逃避……战斗的……！尤其……尤其是当……伙伴的梦想……被人嘲笑的时候！,海贼王
我不知道离别的滋味是这样凄凉，我不知道说声再见要这么坚强。,千与千寻
我只能送你到这里了，剩下的路你要自己走，不要回头。,千与千寻
这个世界真的很现实，每个人都在为着同一个目的，不惜一切代价努力着，心甘情愿的成为金钱的奴隶，死心蹋地的付出。,千与千寻
我已经准备好了足够挡雨的伞，可是却迟迟没有等到雨的到来，这样的尴尬只是我漫长人生中的小插曲罢了。,千与千寻
我除了默默守护你，一无是处！,千与千寻
时光再美，怎如初见。,花名未闻
岁月的暖，漫过时间的河，抚过久闭的心扉，我在时光斑驳深处，聆听到花开的声音。,花名未闻
一个人要坚强地活下去是很难的吧，想战胜心里的不安也很辛苦吧。人活着，总要带上面具带上笑容。,犬夜叉
其实美丽的故事都是没有结局的，只因为它没有结局所以才会美丽。,萤火之森
好人吗？ 这个说法我不是很喜欢。  因为我觉得，人们只会以此来称呼那些对自己有用的人。,进击的巨人
即便再悲伤也要勇敢活下去，这是人类的诅咒，但一定，也是一种祝福。,追逐繁星的孩子
你不在的世界里，我无法找到任何意义。,追逐繁星的孩子
人哪有好的 只是坏的程度不一样而已。,哈尔的移动城堡
对不起，你一直在等我，但是我却现在才来。,哈尔的移动城堡
直到最后一刻也不能放弃希望，一但死心的话，比赛就结束了。,灌篮高手
老爹，你最光荣的时刻是什么时候？是成为全日本代表的时候吗？我呐，只有现在了啊。,灌篮高手
等某天，雨水停歇，泪水滴落，就在土地上扎根吧，在那之前就和雨一同如浮云般流浪。,虫师
眼泪这东西啊，是流出来就能把辛酸和悲伤都冲走的好东西。可等你们长大成人了就会明白，人生还有眼泪也冲刷不干净的巨大悲伤，还有难忘的痛苦让你们即使想哭也不能流泪，所以真正坚强的人，都是越想哭反而笑得越大声，怀揣着痛苦和悲伤，即使如此也要带上它们笑着前行。,银魂
人生若跌倒谷底，剩下的便只有往上爬了。,银魂
人生，就像肥皂泡一样。风一吹就呼呼的飞上了天，注意到的时候，却啪地一下消失了。就在即将破裂的瞬间，想要自己飞得更高。但回过神来的时候，却总是来不及。,银魂
想哭的时候就哭出来吧，想笑的时候就笑出来。当你哭到变丑的时候，我会比你哭的更丑，当你捧腹大笑时，我会比你笑得更大声。只要这样就好了。,银魂
立誓今生尊你为王，用我热血为你封疆。,银魂
天空是平等的，对任何人都不多不少，平等的照耀着人们.但是天空时而会给我们试炼，黑暗来临，云和雨将太阳遮盖，即使这样，我们也永远不会犹豫.不会有过不去的夜，不会有停不下的雨，只要心中有太阳，我们就可以没有迷茫的活下去.,银魂
"要是喜欢一个人,就要连那个人脏的地方一起喜欢。",银魂
"“能否说家境越好的人越愿意努力向上，而家境一般的人反而会安于平凡？”“和你们这些少爷不同,我们光是活着就竭尽全力了。”",银魂
孕妇忍著好像要把西瓜从鼻孔里拉出来的痛苦生下小孩，艺术家忍受著好像要把宇宙从肛门里挤出来的痛苦作出艺术品。无论是谁都有想要撞墙而抛弃一切的时候，但是痛苦中有著非常重要的东西，这一点决不能忘记。大家都是背负着麻烦的机械，是不停翻滚而生的。,银魂
朋友哭泣的时候只要陪着一起哭泣就好了，朋友苦恼的时候只要抱着头一起苦恼就好了。要是朋友的话，就要一起分担痛苦。,银魂
春天 马上就要来了  让我与你相遇的春天 就要来了  再也没有你的春天 就要来了,四月是你的谎言
喜欢的人喜欢别人不是很正常吗。,四月是你的谎言
4月份的时候，我遇到了一个男孩子，哭着泄气着，十分不像样地挣扎着，但是一到舞台上，却如繁星般璀璨，他的人生如同优美地弹奏出来的旋律一般。我和他约好了，「再一次合作」。所以我也想…拼命努力地挣扎看看，不像样也好，苟延残喘也罢，我想挣扎，挣扎，再挣扎，拼命挣扎到最后。,四月是你的谎言
铁块般的飞机犹如流星，仅仅是和你一同仰望天空，平日司空见惯的风景也会变得与众不同。你的一举一动决定我所有的悲观喜忧，让我的心随之奏响音乐，应该怎样形容这种感情呢？这大概就是恋爱了吧。,四月是你的谎言
如果我能做到的话，我会不惜一切的。如果是为了喜欢的女孩子的话，就算让我喝泥水也行，我会咕咚咕咚喝下去。,四月是你的谎言
我可是痛苦了好久，你也尝尝痛苦的滋味吧。痛苦着痛苦着，满脑子只能想我的事。,四月是你的谎言
我不知道将去何方，但我已在路上。,千与千寻
"学习不是填满水桶, 而是点燃火焰!",叶芝
"不要盲目地崇拜任何权威, 因为你总能找到相反的权威。",罗素
"如果政府不能解决问题, 那它本身就成为问题!",里根 (美国前总统)
"民众不应该害怕他们的政府, 政府才应该害怕它的民众!",V字仇杀队
制造恐惧是专制政府的终极武器,V字仇杀队
"牺牲基本自由来换取暂时的安全, 最后既得不到安全也得不到自由!",本杰明.富兰克林
将愚人从他们所敬拜的锁链下解放出来是非常困难的,伏尔泰
"专政与民主是对立的统一, 人民民主是基础, 只有充分民主才能有专政, 离开民主就是法西斯专政!",胡耀邦谈&#39;人民民主专政&#39;
"小时候一个劲地教你做好人, 长大了一个劲地教你做坏人 这就是中国式教育",
"党可以宣布&#39;2+2=5&#39;, 而你就不得不相信它。",1984
"在大欺骗的时代, 说出真相就是革命行为!",乔治.奥威尔
稍有常识的人都能看出，如果我们的铁骑继续前进，这个螳臂当车的歹徒能够阻挡得了么?,无
GuHeHe,...
你见过绝对能保证不会咬人的猛兽吗?,罗罗诺亚·索隆
我不能忘记她，但我可以忘记悲伤。,Kanon
君を救うためなら、俺は何度でも……死ぬ。,りゼロ
人的一生非常短暂，所以需要不停的寻找人生的意义，如果放弃了，那你也不过是行尸走肉罢了,原创
我们都很擅长口是心非，但又希望对方能有所察觉。,九ちのセカィ
恋爱什么的，无非就是大脑的电波式活动造成的bug的一种~,樱花庄的宠物女孩
缘起，在人群中，我看见你。缘灭，我看见你，在人群中。,
“呐，你知道吗？听说樱花飘落的速度是秒速五厘米哦。&quot;,《秒速五厘米》
人生就是一列开往坟墓的列车，路途上会有很多站，很难有人可以自始至终陪着走完。当陪你的人要下车时，即使不舍也该心存感激，然后挥手道别。,《千与千寻》
有的人笑着，不是没有痛苦，只是在忍受。,游戏王MUGEN
你是钢铁我是血肉，压过来啊，王八蛋。,这世界是一座窄窄的桥
科学是人类的技术，哲学是人类的游戏。,wc
笑问客从何处来。,回乡偶书
你造吗，站主没有女朋友哦！,wc
已经用不着了，已经无法忍受了，即使这样也换不回残破书籍中的一页。,缲り返し一粒
"哼,肮脏的烟火。",《七龙珠》贝吉塔
我明白夜晚已尽，时间逐渐飞逝。而我绝不会告诉你任何该告诉你的事。,Making Love Out of Nothing at All-
在如此重要的同伴面前，喜欢是没有煞车器的吧。,Singing!
欢呼声围绕你，引导你迈向明天。,STAND UP
"凡孤独的,不是野兽便是神灵。",培根《论友谊》
路有多漫长 有没有那地方,苏菲亚
It’s been fun but now I’ve got to go.,When Can I See You Again?
相遇乃走向失去的约定。,恋人を射ち堕とした日
即便不见明日亦要前行。,ラヴァーズ
常夏开在荆棘里，玫瑰玫瑰我爱你。,玫瑰玫瑰我爱你
你的胆小，就让它，见鬼去吧。,アシタハアタシノカゼガフク
"你,没有朋友，我赢，我有朋友！",数码兽合体战争
我要把我的热血和大便，都通通抛在这旗帜上面。,觉醒
Fly me to the moon.,Fly me to the moon
凝结在草叶上的露水，将流向何方。,Shine J-MIN
可遇不可求的事：故乡的云，上古的玉，随手的诗，十九岁的你。,可遇不可求的事
每个时代都需要自己的符号来控制人民，无论是星星和条纹，还是锤子与镰刀。,合金装备4
没有人会记得死的东西，所以要活下去，咬牙切齿的活下去！,龙族3黑月之潮
你以为她是公主她拥有全世界，可她以为她只拥有你和她的玩具们。,龙族3黑月之潮
他如此清晰地感受着这个世界的恶意，所有人都要杀了他，所有人都为那个挥棒的家伙叫好，他是全世界的敌人……如果全世界都把你看作敌人，你是不是也曾想过要毁掉这个世界？,龙族3黑月之潮
……所有玩具的标签都被换过了，所有玩具都被标明是Sakura和绘梨衣共有的，整个世界都是他们共有的……这个女孩拥有的世界就这么大这么多，她第一次把这个世界跟人分享。,龙族3黑月之潮
这个世界上你喜欢的人固然不多，但喜欢你的人也不会多啊。,龙族3黑月之潮
就像皇帝必须承受皇冠之重，每个人都会有强撑着支持下去的理由，很多的时候那种理由被称作命运，其实说到底是你自己不愿意放手,江南
是啊你是小怪兽，可小怪兽也有小怪兽的好朋友，孤独的小怪兽们害怕得靠在一起，但如果正义的奥特曼要来杀你，我就帮你把正义的奥特曼杀死。可我答应了，却没有做到。,龙族3黑月之潮
我不是英雄，过去不曾是，未来也不会是,合金装备4爱国者之枪
和平不会主动找上门，我们要去半路迎接它,合金装备：和平行者
忘记本来就是不可能的一件事！,
はい、榛名は大丈夫です！,舰c
少女什么的，最讨厌了！,萌璃导航
如果喜欢，就把这一切当做是荣耀，而不是炫耀,全职高手
"你驻足于春色之中,于那独一无二的春色之中。",四月是你的谎言
春天马上就要来了，让我和你相遇的春天，就要来了，再也没有你的春天，就要来了。,四月是你的谎言
除非黄土白骨 我守你百岁无忧,十年一品温如言
El Psy Congroo..,命运石之门
上帝说要有光，于是萝莉就掀开了裙子。,网络
如果对别人见死不救的话，那还不如一起死了算了。 ——桐人,
回到现实世界我第一想见到的人就是桐人，再一次喜欢你，和你真正的交往，真正的结婚。——亚丝娜,
这个世界，只需要一把剑就可以去往任何地方。——桐人,
这虽然是游戏，但不是闹着玩的。——茅场晶彦,
这双……杀人犯的手 你还会紧紧的握住吗？——诗乃,
虽然很讨厌你，但还是暂时借我依靠一下。——诗乃,
即便是死在怪兽手上，我也不想对这个游戏，这个世界认输……无论如何也不会!  ——亚丝娜,
当我醒来时已经是傍晚了，那个人还在我身边摆出一脸不耐烦的样子。而那个人呢，就是他……  ——亚丝娜,
我的生命是属于你的，亚丝娜，我将为你而活。——桐人,
我觉得只要这样继续加油，总有一天能赶上他们的。——启太,
如果什么时候能找到值得信赖的人，并被邀请加入公会的话，不要拒绝哦。 ——桐人,
能与你相遇，待在你身边，真的是太好了。谢谢你，再见。——幸,
初次见面，我是结城明日奈。我回来了，桐人。 ——亚丝娜,
桐人……你……你要活下去啊……要活到最后一刻啊……给我活下去。——克莱因,
我很喜欢莉法，也很想和你做朋友。—— 桐人,
我可不想让团队伙伴死去啊，至少不许是明天。——桐人,
我喜欢哥哥，但是，我不能把这份感情说出来，只能深深地藏在心底。直到有一天，我遗忘为止。 ——莉法,
我们的战斗……站起来吧，桐人君。——茅场晶彦,
妈妈…妈妈在上面！——结衣,
在那一天到来为止，我要用我的方法把优纪心的姿态传递下去。——亚丝娜,
结衣……你在这里，对吧……我的……结衣……——亚丝娜,
是的，因为我……我的自负……害死了你们……——桐人,
我觉得在这里干尽坏事的玩家，都是些在现实世界中也烂到骨子里的家伙。——桐人,
这个社会的基本构造就是出人投地，就是因为你的自卑感和优越感取得了相对平衡，所以你才能在这里悠闲地吃着蛋糕。——桐人,
我会永远呆在桐人身边，所以请不要害怕。——亚丝娜,
不会指望你和我一起去的，即使一个人我也要战斗。——诗乃,
我们也算好朋友吧?也让我尝一下味道啊！——艾基尔,
救、救命啊，桐人哥!不要看但是救我！——西莉卡,
一定要打到决赛来啊，要让你尝尝宣告败北的子弹是什么滋味。 ——诗乃,
朝田同学……可以说是我的理想。 ——新川恭二,
其实在你的心底里……没有意识都的某个部分，是认为不能真的忘掉那些事的吧。——安岐,
笨蛋，太见外了吧，只要跟我说一声要去那里，我都会一起转换过去的啊。——克莱因,
我的第一保护对象是亚丝娜，以及在遇到不可敌的情况下我只会带着亚丝娜脱离。——桐人,
因为你……跟我妹妹很像。 ——桐人,
你是我至今见到的最厉害的玩家。 ——尤金,
嗯 ……我会去的 ……不管到哪里都在一起。 ——莉法,
拜托。请把力量借给软弱的我。给我从这里再度起身迈步的力量。——诗乃,
不论面对什么样的强敌都不会输的。因为他是爸爸啊。——结衣,
像你这种杂碎玩家，怎么可能担任亚丝娜大人的护卫!——克拉帝尔,
我希望你能够拥有不输给任何人的资历。 ——结成京子,
有些事情还是得用强硬的手段才能让对方了解。 ——由纪,
即使任务因此而失败我也要救她出来，因为这才是我的生存之道——也就是武士道啊！ ——克莱因,
孤单一人将没办法背负任何东西。 —— 桐人,
照这样下去，这辈子根本没办法砍倒这棵树嘛！——桐人,
禁忌算什么！那难道比爱丽丝的命还重要吗？——桐人,
不论是在哪个世界，只要桐人一有危险，我将绝不犹豫地保护他。 ——亚丝娜,
只要有将我们引导至此的命运之剑在身边，绝对不会失败。 ——优吉欧,
我一定要找出她丧失记忆的原因，让她恢复成原来的爱丽丝。—— 优吉欧,
我跟你没什么好说的了。战斗吧……你们也是为此而来到这里的吧。——优吉欧,
把自己的一切灌注于剑上，奋战到底。仅此而已。 ——桐人,
Your soul will be so sweet. —— 加百列·米勒,
亚丝娜，今晚我想和你在一起……——桐人,
能够拥抱爸爸的，只有妈妈和我！——结衣,
握不住的沙，不如扬了它。,
Tomorrow is another day.,Gone With The Wind（飘）
暗恋时，除了眼睛，我全身上下都在看你。,网络
人生这个游戏，没有人可以活着玩下去。,
过去和便宜的书一样。读完了就可以丢掉。,Bangumi娘
飞越天际  追逐梦想,Skyline
这玩意儿我开过，9万2一个,乘客
下降率太高了！,CZ3456
女士们先生们，320来了,波音员工（不
要啥自行车,麦抗敏机长
电脑显示我们完了,澳航32班机
我们乘坐的是空中巴士747,菲律宾434
我愿意出一千美元给飞机装个后视镜,西北85号班机机长
别怕，我是开过滑翔机的,休斯西部706号班机
这架飞机上唯一没有的东西就是喇叭,加航143号班机（吉米尼滑翔机）
复习(review)与预习(preview)有个p区别······,
"恕心养到极处,只看得世间人都无罪过。",呻吟语
"是你的错,这一切全都是你的错。我像这样苟延残喘地挣扎着,执着于活下去也好,全都是你的错,是你让我对和你共同度过的时间产生了留恋。",四月は君の嘘
果然..选择你真是太好了。,四月は君の嘘
如果时光可以倒流的话，我还会选择在这与你相遇。,四月は君の嘘
我知道的，面码⋯⋯自己已经死掉这点事，还是知道的⋯⋯,我们仍未知道那天所看见的花的名字
原谅你逃避过去，但是，至少不要逃避现在和明天啊。,无头骑士异闻录 门田金平
『既不回头，何必不忘；既然无缘，何须誓言；今日种种，似水无痕；明夕何夕，君已陌路。』,仙剑奇侠传
『别人恋爱不成功，你连暗恋都不成功！』,灌篮高手
『其实，恋爱这种东西，当你看上人家的那一刹那就已经失败了。』,秋之回忆
没上过天空 不知道天空的美丽,落叶
五十年来和五百年内，中国写猴子的前三名都是我、我、我。,今何在
"五十年来和五百年内,中国人写白话文的前三名是李敖,李敖,李敖,嘴巴上骂我吹牛的人,心里都为我供了牌位。",李敖
如妻如妾，如兄如弟。,风姿物语
现在，作为父辈的我们，已经完成了我们的使命。我们渐渐老去，而你们将成长，这是造化的规律，无可避免。将来的世界，是属于你们的。你们不必像我们一样，日夜不停的战斗，在刀光剑影中前行，父亲高大的脊背，已为你建起了遮挡风雨的屋顶。,紫川
童年时，我们讲英雄故事给你听，并不是一定要你成为英雄，而是希望你具有高尚的品德。少年时，我们让你接触诗歌、绘画、音乐，是为了让你的心灵充满情趣。这些情趣会支撑你的一生。这样，即使在最严酷的冬天，你也不会忘记玫瑰的芳香。,紫川
英雄辈出的民族是不幸的民族，和平的生活注定是平庸而繁琐的。有些事，或许你现在还无法理解。但当你长大，你就会明白：你的父亲，一定不会希望你成为英雄，世俗的很多东西，耀眼而毫无价值。,紫川
你只是一时忘记罢了，这些东西肯定是不会从你的身上消失的。梦一直都还存在於你的心中，把他们想起来吧。用你的双耳去倾听、然后再轻轻地呼唤。光是这样，梦在任何时候都会再度出现在你的面前的........,梅露可物语：陪梦的你与忘却的城镇
来，你该进行你的下一段冒险了唷！已经救出了公主，这段故事不就该结束了吗。毕竟.......公主都已经成为了王妃了嘛。你该救的角色是公主没错吧？所以，这次，你该去救另外一位公主了唷。,梅露可物语：陪梦的你与忘却的城镇
我走得很慢 但是我从来不会后退,
所以啊，之所以每天翘首以盼，是想看母星的飞船会不会来。,《光厌》
"我对普通的人类没有兴趣，你们只要是有外星人、未来人、异世界人、超能力者, 就尽管来找我吧！以上！",凉宫春日的忧郁
一起哈皮闹,哈皮闹
『我在人生的道路上迷失了。』,火影忍者
我和我的小伙伴们都惊呆了！,我和我的小伙伴们都惊呆了
"世风下,然吾心有善,则善虽小而犹存,假以时日,定成星火之势",原创
只是做了我能做的事，没有时间想将来。,
一定会有某人，在未来等着你吧。,
苦到头未必是甜的，而甜到头一定是苦的。,
像平常的你一样引发奇迹吧。,
微笑一下试试？,
态度决定一切。,
正义之子面对有悖常理的世界，会让世界天翻地覆,
A man chooses;a slave obeys.,
Requiescat in pace.,
"你驻足于春色中,于那独一无二的春色之中.",
"我会全力开辟出如你所愿的未来,就算和恶魔契约,也在所不惜。",
从我学会奔跑的那天开始，我就不停地向前奔跑，因为我不敢回头，怕看见的，是你眼角的失望……,秦时明月
时间飞快的流逝，唯独现在，我有一种想对爱因斯坦发牢骚的心情，冈部，时间根据每个人的主观感受，既会变长，也会变短，相对论真是既浪漫又伤感的东西呢。,命运石之门
平庸将你的心灵烘干到没有一丝水分，然后荣光才会拨动你心灵最深处的弦。——《百年孤独》,百年孤独
以智者之名，为愚者代辩。,gosick
保持冷静继续前行——英国二战时期海报,英国二战时期海报
看起来是几何问题，实际上是函数问题。,嫌疑人x的献身
每当心情郁闷的时候用手托腮就好，手臂会因为帮上忙而开心的。,四月是你的谎言
莫扎特曾经说过大胆地踏上旅途吧，我不知道路途的前方究竟有什么，但我们仍迈出了步伐，我们仍在旅途之中。,四月是你的谎言
卑鄙是卑鄙者的通行证，高尚是高尚者的墓志铭。,回答
不要温和地走进那个良夜，老年应当在日暮时燃烧咆哮，怒斥，怒斥光明的消逝。——《不要温和地走进那个良夜》,不要温和地走进那个良夜
因为憧憬，所以无法超越。——《黑子的篮球》,黑子的篮球
每个令人惊叹的魔术背后都有一只冤死的小鸟。——《致命魔术》,致命魔术
失去人性，失去很多；失去兽性，失去一切。——《三体》,三体
笑完了，又能怎么样呢？,星空日记
凡人们绝对信服圣人的圣言而又不真心实意实行，这并不是圣人的悲剧，而是凡人永远成不了圣人的缘故。,白鹿原
朋友之交，宜得删繁就简。,白鹿原
天下无心外之物，如此花树在深山中自开自落，于我心亦何相关？,王阳明
"Tomorrow,there will be no shortage of volunteers,no shortage of patriots.",使命召唤
"我们都是阴沟里的虫子,但总还是得有人仰望星空。",三体
"Beneath this mask there is more than flesh,thoughts, and ideas are bulletproof.",V字仇杀队
"Sure it matters who`s got the biggest stick, but it matters a helluva lot more who’s swinging it.",使命召唤
没有脚踏实地建立起来的东西，就无法形成精神和物质上的支撑。,时生
梦总是突然醒的，就像泡沫一般，越吹越大，最后啪地破灭，什么也没有，除了空虚。,时生
世上有两样东西不可直视，一是太阳，二是人心。——《白夜行》,白夜行
这个世上没有无用的齿轮，也只有齿轮本身能决定自己的用途。,嫌疑人x的献身
"逻辑的尽头,不是理性与秩序的理想国。——《嫌疑人x的献身》",嫌疑人x的献身
有些真相注定是要小心翼翼深埋心底的，因为答案揭晓的那一刻，也是灰飞烟灭的开始。,嫌疑人x的献身
螃蟹在剥我的壳，笔记本在写我。漫天的我落在枫叶上雪花上。而你在想我。,三句情诗
总有一种味道，以其独有的方式，每天三次，在舌尖上提醒着我们——认清明天的去向，不忘昨日的来处,舌尖上的中国
光明只是短暂的一瞬，黑暗才是永恒的，但正是这短暂一瞬的光芒，诞生了生命与希望。,藏地密码
国王不动，手下怎么跟随？,反叛的鲁鲁修
善良人在追求中纵然迷惘，却终将意识到有一条正途。——《浮士德》,浮士德
一个人并不是生来要被打败的，你尽可以把他消灭掉，可就是打不败他。——《老人与海》,老人与海
人一定要受过伤才会沉默专注，无论是心灵或肉体上的创伤，对成长都有益处。——《花解语》,
有能力的人影响别人，没能力的人受人影响。——《喜宝》,
无论做什么，记得为自己而做，那就毫无怨言。——《流金岁月》,
要生活得漂亮，需要付出极大忍耐，一不抱怨，二不解释，绝对是个人才。——《变形记》,
每个人的内心都是一座尸横遍野的战场。——尼采,
枝叶繁多，根却只有一条。在青春说谎的日子里，我在阳光下招摇，如今我萎缩成真理。——《随时间而来的智慧》,
给生命以时间，而不是给时间以生命。——《思想录》,
照我思索，可理解我，照我思索，可以得人。——《沈从文墓志铭》,
追求真理本身就是一种幸福。 ——《啤酒谋杀案》,
我们往往把自己的性格和人品说得言过其实了。如果真理被冷酷无情地揭示出来时，我们反倒不能明辨是非了。 ——《三幕悲剧》,
他们一旦抱有某种成见，那一切查证就得符合这一成见，如果某个细节不合，他们就会把它扔到一边，但是能解答问题的线索，偏偏总是不符合那些成见。 ——《尼罗河上的惨案》,
万事皆有因。——《神探伽利略》,
失去了很多东西，才发现自己并非一无所有 。——《神的记事本》,
我喜欢夜晚。没有黑暗，我们永远都看不见星星。 ——《暮光之城》,
总有一天，我会撕去这虚假的星空 。——《黑之契约者》,
"无意义的理想,迟早会在现实面前崩溃。——《fate zero》",
笑是对身边的事物感到一瞬间的幸福而表现出来的东西。 ——《Clannad》,
真正重要的东西，永远都是非常简单的。 ——《Clannad》,
无知而又纯洁的岁月，是任何人都曾拥有的。 ——《Clannad》,
人生在外一定会遭遇到各种各样的事物，但等到恰当的时机，又会像潮汐一样承载着各种各样的收获回到我们身边，像大海一样有着宽广的温柔。 ——《Clannad》,
最初的一步，泪水之后再一次，雕刻的风景线，消逝在黄昏中的风，直到梦的最后。 ——《Clannad》,
望天上云卷云舒，斗转星移，梦醒后，今日也要，迈出前进的步伐。 ——《Charlotte》,
就算是对我抱有敌意的人，也是被某个人深爱着而降生在这个世界上的。 ——《罪恶王冠》,
每个人都有一个觉醒期，但觉醒的早晚决定个人的命运。 ——《平凡的世界》,
在这个世界上，不是所有合理的和美好的都能按照自己的愿望存在或实现。 ——《平凡的世界》,
命运总是不如人愿。但往往是在无数的痛苦中，在重重的矛盾和艰辛中，才使人成熟起来。 ——《平凡的世界》,
许多年过去了，人们说陈年旧事可以被埋葬，然而我终于明白这是错的，因为往事会自行爬上来。 ——《追风筝的人》,
我不是因为需要你们评论几句才去当英雄的，而是因为我想去当所以我才当的。 ——《一拳超人》,
无限大な梦のあとの 何もない世の中じゃ——《数码宝贝》,
"Oh,please don&#39;t let me die. Waiting for your touch.",Re：从零开始的异世界生活
没有什么能够阻挡，你对自由的向往。,许巍-《蓝莲花》
谁画出这天地  又画下我和你。,许巍 《旅行》
如今我对自己故乡，像来往匆匆的过客。,许巍《家》
心中那自由的世界是如此的清澈高远。,许巍 《蓝莲花》
曾梦想仗剑走天涯，看一看世界的繁华,许巍 《曾经的你》
拥抱着亲人的时候，多希望时间就停止。,许巍 《家》
当往事悄然走远，只留下清澈的心。,许巍 《漫步》
很多事来不及思考，就这样自然的发生了，在丰富多彩的路上，注定经历风雨。,许巍 《漫步》
每一次难过的时候，就独自看一看大海。,许巍 《曾经的你》
你的笑容怡人如晚霞般，在川流不息的时光中，神采飞扬。,许巍 《时光》
爱情像鲜花它总不开放，欲望像野草一样疯狂地生长。,许巍 《在别处》
你是记忆中最美的春天，是我难以再回去的昨天。,许巍 《时光》
我是永远向着远方独行的浪子，你是茫茫人海之中我的女人。,许巍 《故乡》
我想超越这平凡的生活，注定现在暂时漂泊。,许巍 《执着》
我从远方赶来，恰巧你们也在。,朴树《生如夏花》
有些故事，还没讲完，那就算了吧。  那些心情，在岁月中，已经难辨真假。,朴树 《那些花儿》
如今这里荒草丛生没有了鲜花，好在曾今拥有你们的春秋和冬夏。,朴树 《那些花儿》
这是一个多美丽又遗憾的世界  我们就这样抱着笑着还流着泪。,朴树 《生如夏花》
惊鸿一般短暂，如夏花一样绚烂。,朴树 《生如夏花》
易碎的 骄傲着  那也曾是我的模样。,朴树 《平凡之路》
故事你真的在听吗。,朴树《平凡之路》
我曾经失落失望失掉所有方向，直到看见平凡才是唯一的答案。,朴树《平凡之路》
向前走 就这么走 就算你被给过什么  向前走 就这么走 就算你被夺走什么  向前走 就这么走 就算你会错过什么,朴树 《平凡之路》
他们都老了吧，他们在哪里啊？我们就这样各自奔天涯。,朴树 《那些花儿》
他们在别有用心的生活里翩翩舞蹈  你在我后半生的城市里长生不老,——宋东野《鸽子》
当你装满行李回到故乡 我的余生却再也没有北方,——宋东野《关忆北》
爱上一匹野马，可我的家里没有草原，所以我感到绝望。,——宋东野《董小姐》
站在你翻山越岭的尽头正当年少,——宋东野《鸽子》
斑马斑马，你回到了你的家，可我浪费着我寒冷的年华。,——宋东野《斑马斑马》
鼓楼的夜晚时间匆匆  陌生的人 请给我一只兰州,——宋东野《董小姐》
生活越来越压抑 你变得越来越不像自己 玫瑰你在哪里 你总是喜欢抓不住的东西,——贰佰《玫瑰》
纵然相伴再久，情深亦无尽头。 山樱开似玉，闲适若春霞。 见花如见君，虽久不知足。,有你的小镇
有一个夜晚我烧毁了所有的记忆，从此我的梦就透明了；有一个早晨我扔掉了所有的昨天，从此我的脚步就轻盈了 。,泰戈尔
一生石,大帅哥
充满污秽是悲伤，无所寄托无所期待，充满污秽的悲伤，倦怠时梦想死去。,《文学少女》
失去人性，失去很多，失去兽性，失去一切,三体：死神永生
面对别人的夸赞和外来的诱惑，能保持清醒的头脑付诸一笑；面对朋友的背弃、希望的破灭也不会有过多的痛苦。,
拜伦不cos终究只是普通人活在平凡里,
业精于勤，荒于嬉。,韩 愈《进学解》
志不强者智不达。,《墨子·修身》
岁寒，然后知松柏之后凋也。,《论语·子罕》
石可破也，而不可夺坚;丹可磨也，而不可夺赤。,《吕氏春秋·诚廉》
青，取之于蓝而青于蓝;冰，水为之而寒于水。,《荀子·劝学》
路曼曼其修远兮，吾将上下而求索。,屈 原《离骚》
积土而为山，积水而为海。,《荀子·儒效》
傲不可长，欲不可纵，乐不可极，志不可满。,魏 徵
古之立大事者，不惟有超世之才，亦必有坚忍不拔之志。,苏轼
"to most men , experience is like the stern light of a ship which il-luminates only the track it has passed.",英国诗人 柯勒津治. s .t
Victorywon&#39;t come to me unless I go to it.,M.Moore
You can never plan the future by the past.,Burke
The unexamined life is not worth living.,柏拉图
愿无岁月可回头,
尘归成，土归土！,魔兽世界
男人就应该像好色一样好学！,
只要有挂念的人，就不会觉得孤单！,
我们总是在注意错过太多，却不注意自己拥有多少。,《我们仍未知道那天所看见的花的名字》
在我们走过的季节里，路旁盛开的花朵也在不断变化，那个季节盛开的花是叫什么来着？轻轻摇曳着，一碰会微微刺痛，靠近一闻，隐约有股青涩的阳光的气息。那气息渐渐地淡去，我们也在慢慢长大。可是，那朵花一定还在某个地方盛开着……对，我们永远都会继续实现那朵花的愿望。,宿海仁太《我们仍未知道那天所看见的花的名字》
拉克佐：“范克里夫高价悬赏你的头颅! ”,魔兽
为了艾泽拉斯！,魔兽
为了部落！,魔兽
“ 你是个强有力的挑战者!看来我要稍微认真一点了! ”,魔兽
萨尔：“愿我的人民，永远，不要被那些无关紧要的差别，所迷惑。”,魔兽
美好的人眼裡映出的世界也是美好的...,
人生的磨难是很多的，所以我们不可对于每一件轻微的伤害都过于敏感。在生活磨难面前，精神上的坚强和无动于衷是我们抵抗罪恶和人生意外的最好武器。 —— 洛克,
人生有些关口非狠狠地斗一下不可，不能为了混口饭吃而蹉跎了幸福。 —— 巴尔扎克,
淅淅沥沥的雨，即便能填满路上的水坑，也填不满心中的空洞。,神圣之门
